data_seed,node_index,top_k,model_seed_a,model_seed_b,jaccard
2026,439,2,0,1,1.0
2026,439,2,0,2,1.0
2026,439,2,1,2,1.0
2026,439,4,0,1,1.0
2026,439,4,0,2,1.0
2026,439,4,1,2,1.0
2026,439,6,0,1,1.0
2026,439,6,0,2,1.0
2026,439,6,1,2,1.0
2026,439,8,0,1,1.0
2026,439,8,0,2,1.0
2026,439,8,1,2,1.0
2026,546,2,0,1,1.0
2026,546,2,0,2,1.0
2026,546,2,1,2,1.0
2026,546,4,0,1,1.0
2026,546,4,0,2,1.0
2026,546,4,1,2,1.0
2026,546,6,0,1,1.0
2026,546,6,0,2,1.0
2026,546,6,1,2,1.0
2026,546,8,0,1,1.0
2026,546,8,0,2,1.0
2026,546,8,1,2,1.0
2026,94,2,0,1,1.0
2026,94,2,0,2,1.0
2026,94,2,1,2,1.0
2026,94,4,0,1,1.0
2026,94,4,0,2,1.0
2026,94,4,1,2,1.0
2026,94,6,0,1,1.0
2026,94,6,0,2,1.0
2026,94,6,1,2,1.0
2026,94,8,0,1,1.0
2026,94,8,0,2,1.0
2026,94,8,1,2,1.0
2026,526,2,0,1,1.0
2026,526,2,0,2,1.0
2026,526,2,1,2,1.0
2026,526,4,0,1,1.0
2026,526,4,0,2,1.0
2026,526,4,1,2,1.0
2026,526,6,0,1,1.0
2026,526,6,0,2,1.0
2026,526,6,1,2,1.0
2026,526,8,0,1,1.0
2026,526,8,0,2,1.0
2026,526,8,1,2,1.0
2026,69,2,0,1,1.0
2026,69,2,0,2,1.0
2026,69,2,1,2,1.0
2026,69,4,0,1,1.0
2026,69,4,0,2,1.0
2026,69,4,1,2,1.0
2026,69,6,0,1,1.0
2026,69,6,0,2,1.0
2026,69,6,1,2,1.0
2026,69,8,0,1,1.0
2026,69,8,0,2,1.0
2026,69,8,1,2,1.0
2026,575,2,0,1,1.0
2026,575,2,0,2,1.0
2026,575,2,1,2,1.0
2026,575,4,0,1,1.0
2026,575,4,0,2,1.0
2026,575,4,1,2,1.0
2026,575,6,0,1,1.0
2026,575,6,0,2,1.0
2026,575,6,1,2,1.0
2026,575,8,0,1,1.0
2026,575,8,0,2,1.0
2026,575,8,1,2,1.0
2026,448,2,0,1,0.3333333333333333
2026,448,2,0,2,0.3333333333333333
2026,448,2,1,2,1.0
2026,448,4,0,1,0.6
2026,448,4,0,2,0.6
2026,448,4,1,2,1.0
2026,448,6,0,1,0.7142857142857143
2026,448,6,0,2,0.7142857142857143
2026,448,6,1,2,1.0
2026,448,8,0,1,1.0
2026,448,8,0,2,1.0
2026,448,8,1,2,1.0
2026,594,2,0,1,1.0
2026,594,2,0,2,1.0
2026,594,2,1,2,1.0
2026,594,4,0,1,1.0
2026,594,4,0,2,1.0
2026,594,4,1,2,1.0
2026,594,6,0,1,1.0
2026,594,6,0,2,1.0
2026,594,6,1,2,1.0
2026,594,8,0,1,1.0
2026,594,8,0,2,1.0
2026,594,8,1,2,1.0
2026,256,2,0,1,1.0
2026,256,2,0,2,1.0
2026,256,2,1,2,1.0
2026,256,4,0,1,1.0
2026,256,4,0,2,1.0
2026,256,4,1,2,1.0
2026,256,6,0,1,1.0
2026,256,6,0,2,1.0
2026,256,6,1,2,1.0
2026,256,8,0,1,1.0
2026,256,8,0,2,1.0
2026,256,8,1,2,1.0
2026,126,2,0,1,1.0
2026,126,2,0,2,1.0
2026,126,2,1,2,1.0
2026,126,4,0,1,1.0
2026,126,4,0,2,1.0
2026,126,4,1,2,1.0
2026,126,6,0,1,1.0
2026,126,6,0,2,1.0
2026,126,6,1,2,1.0
2026,126,8,0,1,1.0
2026,126,8,0,2,1.0
2026,126,8,1,2,1.0
2026,251,2,0,1,1.0
2026,251,2,0,2,1.0
2026,251,2,1,2,1.0
2026,251,4,0,1,1.0
2026,251,4,0,2,1.0
2026,251,4,1,2,1.0
2026,251,6,0,1,1.0
2026,251,6,0,2,1.0
2026,251,6,1,2,1.0
2026,251,8,0,1,1.0
2026,251,8,0,2,1.0
2026,251,8,1,2,1.0
2026,110,2,0,1,1.0
2026,110,2,0,2,1.0
2026,110,2,1,2,1.0
2026,110,4,0,1,1.0
2026,110,4,0,2,1.0
2026,110,4,1,2,1.0
2026,110,6,0,1,1.0
2026,110,6,0,2,1.0
2026,110,6,1,2,1.0
2026,110,8,0,1,1.0
2026,110,8,0,2,1.0
2026,110,8,1,2,1.0
2026,403,2,0,1,1.0
2026,403,2,0,2,1.0
2026,403,2,1,2,1.0
2026,403,4,0,1,1.0
2026,403,4,0,2,1.0
2026,403,4,1,2,1.0
2026,403,6,0,1,1.0
2026,403,6,0,2,1.0
2026,403,6,1,2,1.0
2026,403,8,0,1,1.0
2026,403,8,0,2,1.0
2026,403,8,1,2,1.0
2026,396,2,0,1,1.0
2026,396,2,0,2,1.0
2026,396,2,1,2,1.0
2026,396,4,0,1,1.0
2026,396,4,0,2,0.6
2026,396,4,1,2,0.6
2026,396,6,0,1,1.0
2026,396,6,0,2,0.7142857142857143
2026,396,6,1,2,0.7142857142857143
2026,396,8,0,1,1.0
2026,396,8,0,2,1.0
2026,396,8,1,2,1.0
2026,299,2,0,1,1.0
2026,299,2,0,2,1.0
2026,299,2,1,2,1.0
2026,299,4,0,1,1.0
2026,299,4,0,2,1.0
2026,299,4,1,2,1.0
2026,299,6,0,1,1.0
2026,299,6,0,2,1.0
2026,299,6,1,2,1.0
2026,299,8,0,1,1.0
2026,299,8,0,2,1.0
2026,299,8,1,2,1.0
2026,167,2,0,1,1.0
2026,167,2,0,2,1.0
2026,167,2,1,2,1.0
2026,167,4,0,1,1.0
2026,167,4,0,2,1.0
2026,167,4,1,2,1.0
2026,167,6,0,1,1.0
2026,167,6,0,2,1.0
2026,167,6,1,2,1.0
2026,167,8,0,1,1.0
2026,167,8,0,2,1.0
2026,167,8,1,2,1.0
2026,346,2,0,1,0.3333333333333333
2026,346,2,0,2,0.3333333333333333
2026,346,2,1,2,1.0
2026,346,4,0,1,1.0
2026,346,4,0,2,1.0
2026,346,4,1,2,1.0
2026,346,6,0,1,1.0
2026,346,6,0,2,1.0
2026,346,6,1,2,1.0
2026,346,8,0,1,1.0
2026,346,8,0,2,1.0
2026,346,8,1,2,1.0
2026,260,2,0,1,1.0
2026,260,2,0,2,1.0
2026,260,2,1,2,1.0
2026,260,4,0,1,1.0
2026,260,4,0,2,1.0
2026,260,4,1,2,1.0
2026,260,6,0,1,1.0
2026,260,6,0,2,1.0
2026,260,6,1,2,1.0
2026,260,8,0,1,1.0
2026,260,8,0,2,1.0
2026,260,8,1,2,1.0
2026,145,2,0,1,1.0
2026,145,2,0,2,1.0
2026,145,2,1,2,1.0
2026,145,4,0,1,1.0
2026,145,4,0,2,1.0
2026,145,4,1,2,1.0
2026,145,6,0,1,1.0
2026,145,6,0,2,1.0
2026,145,6,1,2,1.0
2026,145,8,0,1,1.0
2026,145,8,0,2,1.0
2026,145,8,1,2,1.0
2026,76,2,0,1,1.0
2026,76,2,0,2,1.0
2026,76,2,1,2,1.0
2026,76,4,0,1,1.0
2026,76,4,0,2,1.0
2026,76,4,1,2,1.0
2026,76,6,0,1,1.0
2026,76,6,0,2,1.0
2026,76,6,1,2,1.0
2026,76,8,0,1,1.0
2026,76,8,0,2,1.0
2026,76,8,1,2,1.0
2027,56,2,0,1,1.0
2027,56,2,0,2,1.0
2027,56,2,1,2,1.0
2027,56,4,0,1,1.0
2027,56,4,0,2,1.0
2027,56,4,1,2,1.0
2027,56,6,0,1,1.0
2027,56,6,0,2,1.0
2027,56,6,1,2,1.0
2027,56,8,0,1,1.0
2027,56,8,0,2,1.0
2027,56,8,1,2,1.0
2027,484,2,0,1,1.0
2027,484,2,0,2,1.0
2027,484,2,1,2,1.0
2027,484,4,0,1,1.0
2027,484,4,0,2,1.0
2027,484,4,1,2,1.0
2027,484,6,0,1,1.0
2027,484,6,0,2,1.0
2027,484,6,1,2,1.0
2027,484,8,0,1,1.0
2027,484,8,0,2,1.0
2027,484,8,1,2,1.0
2027,474,2,0,1,1.0
2027,474,2,0,2,1.0
2027,474,2,1,2,1.0
2027,474,4,0,1,1.0
2027,474,4,0,2,1.0
2027,474,4,1,2,1.0
2027,474,6,0,1,1.0
2027,474,6,0,2,1.0
2027,474,6,1,2,1.0
2027,474,8,0,1,1.0
2027,474,8,0,2,1.0
2027,474,8,1,2,1.0
2027,156,2,0,1,1.0
2027,156,2,0,2,1.0
2027,156,2,1,2,1.0
2027,156,4,0,1,1.0
2027,156,4,0,2,1.0
2027,156,4,1,2,1.0
2027,156,6,0,1,1.0
2027,156,6,0,2,1.0
2027,156,6,1,2,1.0
2027,156,8,0,1,1.0
2027,156,8,0,2,1.0
2027,156,8,1,2,1.0
2027,408,2,0,1,1.0
2027,408,2,0,2,1.0
2027,408,2,1,2,1.0
2027,408,4,0,1,1.0
2027,408,4,0,2,1.0
2027,408,4,1,2,1.0
2027,408,6,0,1,1.0
2027,408,6,0,2,1.0
2027,408,6,1,2,1.0
2027,408,8,0,1,1.0
2027,408,8,0,2,1.0
2027,408,8,1,2,1.0
2027,36,2,0,1,1.0
2027,36,2,0,2,1.0
2027,36,2,1,2,1.0
2027,36,4,0,1,1.0
2027,36,4,0,2,1.0
2027,36,4,1,2,1.0
2027,36,6,0,1,1.0
2027,36,6,0,2,1.0
2027,36,6,1,2,1.0
2027,36,8,0,1,1.0
2027,36,8,0,2,1.0
2027,36,8,1,2,1.0
2027,253,2,0,1,1.0
2027,253,2,0,2,1.0
2027,253,2,1,2,1.0
2027,253,4,0,1,1.0
2027,253,4,0,2,1.0
2027,253,4,1,2,1.0
2027,253,6,0,1,1.0
2027,253,6,0,2,1.0
2027,253,6,1,2,1.0
2027,253,8,0,1,1.0
2027,253,8,0,2,1.0
2027,253,8,1,2,1.0
2027,591,2,0,1,1.0
2027,591,2,0,2,1.0
2027,591,2,1,2,1.0
2027,591,4,0,1,1.0
2027,591,4,0,2,1.0
2027,591,4,1,2,1.0
2027,591,6,0,1,1.0
2027,591,6,0,2,1.0
2027,591,6,1,2,1.0
2027,591,8,0,1,1.0
2027,591,8,0,2,1.0
2027,591,8,1,2,1.0
2027,519,2,0,1,1.0
2027,519,2,0,2,1.0
2027,519,2,1,2,1.0
2027,519,4,0,1,1.0
2027,519,4,0,2,1.0
2027,519,4,1,2,1.0
2027,519,6,0,1,1.0
2027,519,6,0,2,1.0
2027,519,6,1,2,1.0
2027,519,8,0,1,1.0
2027,519,8,0,2,1.0
2027,519,8,1,2,1.0
2027,138,2,0,1,1.0
2027,138,2,0,2,1.0
2027,138,2,1,2,1.0
2027,138,4,0,1,1.0
2027,138,4,0,2,1.0
2027,138,4,1,2,1.0
2027,138,6,0,1,1.0
2027,138,6,0,2,0.7142857142857143
2027,138,6,1,2,0.7142857142857143
2027,138,8,0,1,1.0
2027,138,8,0,2,1.0
2027,138,8,1,2,1.0
2027,322,2,0,1,1.0
2027,322,2,0,2,1.0
2027,322,2,1,2,1.0
2027,322,4,0,1,1.0
2027,322,4,0,2,1.0
2027,322,4,1,2,1.0
2027,322,6,0,1,1.0
2027,322,6,0,2,1.0
2027,322,6,1,2,1.0
2027,322,8,0,1,1.0
2027,322,8,0,2,1.0
2027,322,8,1,2,1.0
2027,164,2,0,1,1.0
2027,164,2,0,2,1.0
2027,164,2,1,2,1.0
2027,164,4,0,1,1.0
2027,164,4,0,2,1.0
2027,164,4,1,2,1.0
2027,164,6,0,1,1.0
2027,164,6,0,2,1.0
2027,164,6,1,2,1.0
2027,164,8,0,1,1.0
2027,164,8,0,2,1.0
2027,164,8,1,2,1.0
2027,468,2,0,1,1.0
2027,468,2,0,2,1.0
2027,468,2,1,2,1.0
2027,468,4,0,1,1.0
2027,468,4,0,2,1.0
2027,468,4,1,2,1.0
2027,468,6,0,1,1.0
2027,468,6,0,2,1.0
2027,468,6,1,2,1.0
2027,468,8,0,1,1.0
2027,468,8,0,2,1.0
2027,468,8,1,2,1.0
2027,285,2,0,1,1.0
2027,285,2,0,2,1.0
2027,285,2,1,2,1.0
2027,285,4,0,1,1.0
2027,285,4,0,2,1.0
2027,285,4,1,2,1.0
2027,285,6,0,1,1.0
2027,285,6,0,2,1.0
2027,285,6,1,2,1.0
2027,285,8,0,1,1.0
2027,285,8,0,2,1.0
2027,285,8,1,2,1.0
2027,76,2,0,1,1.0
2027,76,2,0,2,0.3333333333333333
2027,76,2,1,2,0.3333333333333333
2027,76,4,0,1,1.0
2027,76,4,0,2,1.0
2027,76,4,1,2,1.0
2027,76,6,0,1,1.0
2027,76,6,0,2,1.0
2027,76,6,1,2,1.0
2027,76,8,0,1,1.0
2027,76,8,0,2,1.0
2027,76,8,1,2,1.0
2027,75,2,0,1,1.0
2027,75,2,0,2,1.0
2027,75,2,1,2,1.0
2027,75,4,0,1,1.0
2027,75,4,0,2,1.0
2027,75,4,1,2,1.0
2027,75,6,0,1,1.0
2027,75,6,0,2,1.0
2027,75,6,1,2,1.0
2027,75,8,0,1,1.0
2027,75,8,0,2,1.0
2027,75,8,1,2,1.0
2027,232,2,0,1,1.0
2027,232,2,0,2,1.0
2027,232,2,1,2,1.0
2027,232,4,0,1,1.0
2027,232,4,0,2,1.0
2027,232,4,1,2,1.0
2027,232,6,0,1,1.0
2027,232,6,0,2,0.7142857142857143
2027,232,6,1,2,0.7142857142857143
2027,232,8,0,1,1.0
2027,232,8,0,2,1.0
2027,232,8,1,2,1.0
2027,165,2,0,1,0.3333333333333333
2027,165,2,0,2,0.3333333333333333
2027,165,2,1,2,1.0
2027,165,4,0,1,1.0
2027,165,4,0,2,1.0
2027,165,4,1,2,1.0
2027,165,6,0,1,1.0
2027,165,6,0,2,1.0
2027,165,6,1,2,1.0
2027,165,8,0,1,1.0
2027,165,8,0,2,1.0
2027,165,8,1,2,1.0
2027,275,2,0,1,1.0
2027,275,2,0,2,1.0
2027,275,2,1,2,1.0
2027,275,4,0,1,1.0
2027,275,4,0,2,1.0
2027,275,4,1,2,1.0
2027,275,6,0,1,1.0
2027,275,6,0,2,1.0
2027,275,6,1,2,1.0
2027,275,8,0,1,1.0
2027,275,8,0,2,1.0
2027,275,8,1,2,1.0
2027,586,2,0,1,1.0
2027,586,2,0,2,1.0
2027,586,2,1,2,1.0
2027,586,4,0,1,1.0
2027,586,4,0,2,1.0
2027,586,4,1,2,1.0
2027,586,6,0,1,1.0
2027,586,6,0,2,1.0
2027,586,6,1,2,1.0
2027,586,8,0,1,1.0
2027,586,8,0,2,1.0
2027,586,8,1,2,1.0
2028,329,2,0,1,1.0
2028,329,2,0,2,1.0
2028,329,2,1,2,1.0
2028,329,4,0,1,1.0
2028,329,4,0,2,1.0
2028,329,4,1,2,1.0
2028,329,6,0,1,1.0
2028,329,6,0,2,1.0
2028,329,6,1,2,1.0
2028,329,8,0,1,1.0
2028,329,8,0,2,1.0
2028,329,8,1,2,1.0
2028,86,2,0,1,1.0
2028,86,2,0,2,1.0
2028,86,2,1,2,1.0
2028,86,4,0,1,1.0
2028,86,4,0,2,1.0
2028,86,4,1,2,1.0
2028,86,6,0,1,1.0
2028,86,6,0,2,1.0
2028,86,6,1,2,1.0
2028,86,8,0,1,1.0
2028,86,8,0,2,1.0
2028,86,8,1,2,1.0
2028,4,2,0,1,1.0
2028,4,2,0,2,1.0
2028,4,2,1,2,1.0
2028,4,4,0,1,1.0
2028,4,4,0,2,1.0
2028,4,4,1,2,1.0
2028,4,6,0,1,1.0
2028,4,6,0,2,1.0
2028,4,6,1,2,1.0
2028,4,8,0,1,1.0
2028,4,8,0,2,1.0
2028,4,8,1,2,1.0
2028,70,2,0,1,1.0
2028,70,2,0,2,1.0
2028,70,2,1,2,1.0
2028,70,4,0,1,1.0
2028,70,4,0,2,1.0
2028,70,4,1,2,1.0
2028,70,6,0,1,1.0
2028,70,6,0,2,1.0
2028,70,6,1,2,1.0
2028,70,8,0,1,1.0
2028,70,8,0,2,1.0
2028,70,8,1,2,1.0
2028,583,2,0,1,1.0
2028,583,2,0,2,1.0
2028,583,2,1,2,1.0
2028,583,4,0,1,1.0
2028,583,4,0,2,1.0
2028,583,4,1,2,1.0
2028,583,6,0,1,1.0
2028,583,6,0,2,1.0
2028,583,6,1,2,1.0
2028,583,8,0,1,1.0
2028,583,8,0,2,1.0
2028,583,8,1,2,1.0
2028,436,2,0,1,1.0
2028,436,2,0,2,1.0
2028,436,2,1,2,1.0
2028,436,4,0,1,1.0
2028,436,4,0,2,1.0
2028,436,4,1,2,1.0
2028,436,6,0,1,1.0
2028,436,6,0,2,1.0
2028,436,6,1,2,1.0
2028,436,8,0,1,1.0
2028,436,8,0,2,1.0
2028,436,8,1,2,1.0
2028,525,2,0,1,1.0
2028,525,2,0,2,1.0
2028,525,2,1,2,1.0
2028,525,4,0,1,1.0
2028,525,4,0,2,1.0
2028,525,4,1,2,1.0
2028,525,6,0,1,1.0
2028,525,6,0,2,1.0
2028,525,6,1,2,1.0
2028,525,8,0,1,1.0
2028,525,8,0,2,1.0
2028,525,8,1,2,1.0
2028,593,2,0,1,1.0
2028,593,2,0,2,1.0
2028,593,2,1,2,1.0
2028,593,4,0,1,1.0
2028,593,4,0,2,1.0
2028,593,4,1,2,1.0
2028,593,6,0,1,1.0
2028,593,6,0,2,1.0
2028,593,6,1,2,1.0
2028,593,8,0,1,1.0
2028,593,8,0,2,1.0
2028,593,8,1,2,1.0
2028,27,2,0,1,1.0
2028,27,2,0,2,1.0
2028,27,2,1,2,1.0
2028,27,4,0,1,1.0
2028,27,4,0,2,1.0
2028,27,4,1,2,1.0
2028,27,6,0,1,1.0
2028,27,6,0,2,1.0
2028,27,6,1,2,1.0
2028,27,8,0,1,1.0
2028,27,8,0,2,1.0
2028,27,8,1,2,1.0
2028,23,2,0,1,1.0
2028,23,2,0,2,1.0
2028,23,2,1,2,1.0
2028,23,4,0,1,1.0
2028,23,4,0,2,1.0
2028,23,4,1,2,1.0
2028,23,6,0,1,1.0
2028,23,6,0,2,1.0
2028,23,6,1,2,1.0
2028,23,8,0,1,1.0
2028,23,8,0,2,1.0
2028,23,8,1,2,1.0
2028,556,2,0,1,1.0
2028,556,2,0,2,1.0
2028,556,2,1,2,1.0
2028,556,4,0,1,0.6
2028,556,4,0,2,0.6
2028,556,4,1,2,1.0
2028,556,6,0,1,1.0
2028,556,6,0,2,1.0
2028,556,6,1,2,1.0
2028,556,8,0,1,1.0
2028,556,8,0,2,1.0
2028,556,8,1,2,1.0
2028,553,2,0,1,1.0
2028,553,2,0,2,1.0
2028,553,2,1,2,1.0
2028,553,4,0,1,1.0
2028,553,4,0,2,1.0
2028,553,4,1,2,1.0
2028,553,6,0,1,1.0
2028,553,6,0,2,1.0
2028,553,6,1,2,1.0
2028,553,8,0,1,1.0
2028,553,8,0,2,1.0
2028,553,8,1,2,1.0
2028,11,2,0,1,1.0
2028,11,2,0,2,1.0
2028,11,2,1,2,1.0
2028,11,4,0,1,1.0
2028,11,4,0,2,1.0
2028,11,4,1,2,1.0
2028,11,6,0,1,1.0
2028,11,6,0,2,1.0
2028,11,6,1,2,1.0
2028,11,8,0,1,1.0
2028,11,8,0,2,1.0
2028,11,8,1,2,1.0
2028,326,2,0,1,1.0
2028,326,2,0,2,1.0
2028,326,2,1,2,1.0
2028,326,4,0,1,1.0
2028,326,4,0,2,1.0
2028,326,4,1,2,1.0
2028,326,6,0,1,1.0
2028,326,6,0,2,1.0
2028,326,6,1,2,1.0
2028,326,8,0,1,1.0
2028,326,8,0,2,1.0
2028,326,8,1,2,1.0
2028,343,2,0,1,1.0
2028,343,2,0,2,1.0
2028,343,2,1,2,1.0
2028,343,4,0,1,1.0
2028,343,4,0,2,1.0
2028,343,4,1,2,1.0
2028,343,6,0,1,1.0
2028,343,6,0,2,1.0
2028,343,6,1,2,1.0
2028,343,8,0,1,1.0
2028,343,8,0,2,1.0
2028,343,8,1,2,1.0
2028,362,2,0,1,1.0
2028,362,2,0,2,1.0
2028,362,2,1,2,1.0
2028,362,4,0,1,1.0
2028,362,4,0,2,1.0
2028,362,4,1,2,1.0
2028,362,6,0,1,1.0
2028,362,6,0,2,1.0
2028,362,6,1,2,1.0
2028,362,8,0,1,1.0
2028,362,8,0,2,1.0
2028,362,8,1,2,1.0
2028,275,2,0,1,1.0
2028,275,2,0,2,1.0
2028,275,2,1,2,1.0
2028,275,4,0,1,1.0
2028,275,4,0,2,1.0
2028,275,4,1,2,1.0
2028,275,6,0,1,1.0
2028,275,6,0,2,1.0
2028,275,6,1,2,1.0
2028,275,8,0,1,1.0
2028,275,8,0,2,1.0
2028,275,8,1,2,1.0
2028,412,2,0,1,1.0
2028,412,2,0,2,1.0
2028,412,2,1,2,1.0
2028,412,4,0,1,1.0
2028,412,4,0,2,1.0
2028,412,4,1,2,1.0
2028,412,6,0,1,1.0
2028,412,6,0,2,1.0
2028,412,6,1,2,1.0
2028,412,8,0,1,1.0
2028,412,8,0,2,1.0
2028,412,8,1,2,1.0
2028,507,2,0,1,1.0
2028,507,2,0,2,1.0
2028,507,2,1,2,1.0
2028,507,4,0,1,1.0
2028,507,4,0,2,1.0
2028,507,4,1,2,1.0
2028,507,6,0,1,1.0
2028,507,6,0,2,1.0
2028,507,6,1,2,1.0
2028,507,8,0,1,1.0
2028,507,8,0,2,1.0
2028,507,8,1,2,1.0
2028,123,2,0,1,1.0
2028,123,2,0,2,1.0
2028,123,2,1,2,1.0
2028,123,4,0,1,0.6
2028,123,4,0,2,0.6
2028,123,4,1,2,1.0
2028,123,6,0,1,1.0
2028,123,6,0,2,1.0
2028,123,6,1,2,1.0
2028,123,8,0,1,1.0
2028,123,8,0,2,1.0
2028,123,8,1,2,1.0
2029,534,2,0,1,1.0
2029,534,2,0,2,1.0
2029,534,2,1,2,1.0
2029,534,4,0,1,1.0
2029,534,4,0,2,1.0
2029,534,4,1,2,1.0
2029,534,6,0,1,1.0
2029,534,6,0,2,1.0
2029,534,6,1,2,1.0
2029,534,8,0,1,1.0
2029,534,8,0,2,1.0
2029,534,8,1,2,1.0
2029,33,2,0,1,1.0
2029,33,2,0,2,1.0
2029,33,2,1,2,1.0
2029,33,4,0,1,1.0
2029,33,4,0,2,1.0
2029,33,4,1,2,1.0
2029,33,6,0,1,1.0
2029,33,6,0,2,1.0
2029,33,6,1,2,1.0
2029,33,8,0,1,1.0
2029,33,8,0,2,1.0
2029,33,8,1,2,1.0
2029,211,2,0,1,1.0
2029,211,2,0,2,1.0
2029,211,2,1,2,1.0
2029,211,4,0,1,1.0
2029,211,4,0,2,1.0
2029,211,4,1,2,1.0
2029,211,6,0,1,1.0
2029,211,6,0,2,1.0
2029,211,6,1,2,1.0
2029,211,8,0,1,1.0
2029,211,8,0,2,1.0
2029,211,8,1,2,1.0
2029,427,2,0,1,0.3333333333333333
2029,427,2,0,2,0.3333333333333333
2029,427,2,1,2,1.0
2029,427,4,0,1,0.6
2029,427,4,0,2,0.6
2029,427,4,1,2,1.0
2029,427,6,0,1,0.7142857142857143
2029,427,6,0,2,0.7142857142857143
2029,427,6,1,2,1.0
2029,427,8,0,1,0.7777777777777778
2029,427,8,0,2,0.7777777777777778
2029,427,8,1,2,1.0
2029,440,2,0,1,1.0
2029,440,2,0,2,1.0
2029,440,2,1,2,1.0
2029,440,4,0,1,1.0
2029,440,4,0,2,1.0
2029,440,4,1,2,1.0
2029,440,6,0,1,1.0
2029,440,6,0,2,1.0
2029,440,6,1,2,1.0
2029,440,8,0,1,1.0
2029,440,8,0,2,1.0
2029,440,8,1,2,1.0
2029,215,2,0,1,1.0
2029,215,2,0,2,1.0
2029,215,2,1,2,1.0
2029,215,4,0,1,1.0
2029,215,4,0,2,1.0
2029,215,4,1,2,1.0
2029,215,6,0,1,1.0
2029,215,6,0,2,1.0
2029,215,6,1,2,1.0
2029,215,8,0,1,1.0
2029,215,8,0,2,1.0
2029,215,8,1,2,1.0
2029,597,2,0,1,1.0
2029,597,2,0,2,1.0
2029,597,2,1,2,1.0
2029,597,4,0,1,1.0
2029,597,4,0,2,1.0
2029,597,4,1,2,1.0
2029,597,6,0,1,1.0
2029,597,6,0,2,1.0
2029,597,6,1,2,1.0
2029,597,8,0,1,1.0
2029,597,8,0,2,1.0
2029,597,8,1,2,1.0
2029,58,2,0,1,1.0
2029,58,2,0,2,1.0
2029,58,2,1,2,1.0
2029,58,4,0,1,1.0
2029,58,4,0,2,1.0
2029,58,4,1,2,1.0
2029,58,6,0,1,1.0
2029,58,6,0,2,1.0
2029,58,6,1,2,1.0
2029,58,8,0,1,1.0
2029,58,8,0,2,1.0
2029,58,8,1,2,1.0
2029,350,2,0,1,1.0
2029,350,2,0,2,1.0
2029,350,2,1,2,1.0
2029,350,4,0,1,1.0
2029,350,4,0,2,1.0
2029,350,4,1,2,1.0
2029,350,6,0,1,1.0
2029,350,6,0,2,1.0
2029,350,6,1,2,1.0
2029,350,8,0,1,1.0
2029,350,8,0,2,1.0
2029,350,8,1,2,1.0
2029,214,2,0,1,1.0
2029,214,2,0,2,1.0
2029,214,2,1,2,1.0
2029,214,4,0,1,1.0
2029,214,4,0,2,1.0
2029,214,4,1,2,1.0
2029,214,6,0,1,1.0
2029,214,6,0,2,1.0
2029,214,6,1,2,1.0
2029,214,8,0,1,1.0
2029,214,8,0,2,1.0
2029,214,8,1,2,1.0
2029,330,2,0,1,1.0
2029,330,2,0,2,1.0
2029,330,2,1,2,1.0
2029,330,4,0,1,1.0
2029,330,4,0,2,1.0
2029,330,4,1,2,1.0
2029,330,6,0,1,1.0
2029,330,6,0,2,1.0
2029,330,6,1,2,1.0
2029,330,8,0,1,1.0
2029,330,8,0,2,1.0
2029,330,8,1,2,1.0
2029,196,2,0,1,1.0
2029,196,2,0,2,1.0
2029,196,2,1,2,1.0
2029,196,4,0,1,1.0
2029,196,4,0,2,1.0
2029,196,4,1,2,1.0
2029,196,6,0,1,1.0
2029,196,6,0,2,1.0
2029,196,6,1,2,1.0
2029,196,8,0,1,1.0
2029,196,8,0,2,1.0
2029,196,8,1,2,1.0
2029,181,2,0,1,1.0
2029,181,2,0,2,1.0
2029,181,2,1,2,1.0
2029,181,4,0,1,1.0
2029,181,4,0,2,1.0
2029,181,4,1,2,1.0
2029,181,6,0,1,1.0
2029,181,6,0,2,1.0
2029,181,6,1,2,1.0
2029,181,8,0,1,1.0
2029,181,8,0,2,1.0
2029,181,8,1,2,1.0
2029,514,2,0,1,1.0
2029,514,2,0,2,1.0
2029,514,2,1,2,1.0
2029,514,4,0,1,1.0
2029,514,4,0,2,1.0
2029,514,4,1,2,1.0
2029,514,6,0,1,1.0
2029,514,6,0,2,1.0
2029,514,6,1,2,1.0
2029,514,8,0,1,1.0
2029,514,8,0,2,1.0
2029,514,8,1,2,1.0
2029,557,2,0,1,1.0
2029,557,2,0,2,1.0
2029,557,2,1,2,1.0
2029,557,4,0,1,1.0
2029,557,4,0,2,1.0
2029,557,4,1,2,1.0
2029,557,6,0,1,1.0
2029,557,6,0,2,1.0
2029,557,6,1,2,1.0
2029,557,8,0,1,1.0
2029,557,8,0,2,1.0
2029,557,8,1,2,1.0
2029,127,2,0,1,1.0
2029,127,2,0,2,1.0
2029,127,2,1,2,1.0
2029,127,4,0,1,1.0
2029,127,4,0,2,1.0
2029,127,4,1,2,1.0
2029,127,6,0,1,1.0
2029,127,6,0,2,1.0
2029,127,6,1,2,1.0
2029,127,8,0,1,1.0
2029,127,8,0,2,1.0
2029,127,8,1,2,1.0
2029,496,2,0,1,1.0
2029,496,2,0,2,1.0
2029,496,2,1,2,1.0
2029,496,4,0,1,1.0
2029,496,4,0,2,1.0
2029,496,4,1,2,1.0
2029,496,6,0,1,1.0
2029,496,6,0,2,1.0
2029,496,6,1,2,1.0
2029,496,8,0,1,1.0
2029,496,8,0,2,1.0
2029,496,8,1,2,1.0
2029,482,2,0,1,1.0
2029,482,2,0,2,1.0
2029,482,2,1,2,1.0
2029,482,4,0,1,1.0
2029,482,4,0,2,1.0
2029,482,4,1,2,1.0
2029,482,6,0,1,1.0
2029,482,6,0,2,1.0
2029,482,6,1,2,1.0
2029,482,8,0,1,1.0
2029,482,8,0,2,1.0
2029,482,8,1,2,1.0
2029,320,2,0,1,1.0
2029,320,2,0,2,1.0
2029,320,2,1,2,1.0
2029,320,4,0,1,1.0
2029,320,4,0,2,1.0
2029,320,4,1,2,1.0
2029,320,6,0,1,1.0
2029,320,6,0,2,1.0
2029,320,6,1,2,1.0
2029,320,8,0,1,1.0
2029,320,8,0,2,1.0
2029,320,8,1,2,1.0
2029,456,2,0,1,1.0
2029,456,2,0,2,1.0
2029,456,2,1,2,1.0
2029,456,4,0,1,1.0
2029,456,4,0,2,1.0
2029,456,4,1,2,1.0
2029,456,6,0,1,1.0
2029,456,6,0,2,1.0
2029,456,6,1,2,1.0
2029,456,8,0,1,1.0
2029,456,8,0,2,1.0
2029,456,8,1,2,1.0
2030,352,2,0,1,1.0
2030,352,2,0,2,1.0
2030,352,2,1,2,1.0
2030,352,4,0,1,1.0
2030,352,4,0,2,1.0
2030,352,4,1,2,1.0
2030,352,6,0,1,1.0
2030,352,6,0,2,1.0
2030,352,6,1,2,1.0
2030,352,8,0,1,1.0
2030,352,8,0,2,1.0
2030,352,8,1,2,1.0
2030,235,2,0,1,1.0
2030,235,2,0,2,1.0
2030,235,2,1,2,1.0
2030,235,4,0,1,1.0
2030,235,4,0,2,1.0
2030,235,4,1,2,1.0
2030,235,6,0,1,1.0
2030,235,6,0,2,1.0
2030,235,6,1,2,1.0
2030,235,8,0,1,1.0
2030,235,8,0,2,1.0
2030,235,8,1,2,1.0
2030,496,2,0,1,1.0
2030,496,2,0,2,1.0
2030,496,2,1,2,1.0
2030,496,4,0,1,1.0
2030,496,4,0,2,1.0
2030,496,4,1,2,1.0
2030,496,6,0,1,1.0
2030,496,6,0,2,1.0
2030,496,6,1,2,1.0
2030,496,8,0,1,1.0
2030,496,8,0,2,1.0
2030,496,8,1,2,1.0
2030,197,2,0,1,1.0
2030,197,2,0,2,1.0
2030,197,2,1,2,1.0
2030,197,4,0,1,1.0
2030,197,4,0,2,1.0
2030,197,4,1,2,1.0
2030,197,6,0,1,1.0
2030,197,6,0,2,1.0
2030,197,6,1,2,1.0
2030,197,8,0,1,1.0
2030,197,8,0,2,1.0
2030,197,8,1,2,1.0
2030,296,2,0,1,1.0
2030,296,2,0,2,1.0
2030,296,2,1,2,1.0
2030,296,4,0,1,1.0
2030,296,4,0,2,1.0
2030,296,4,1,2,1.0
2030,296,6,0,1,1.0
2030,296,6,0,2,1.0
2030,296,6,1,2,1.0
2030,296,8,0,1,1.0
2030,296,8,0,2,1.0
2030,296,8,1,2,1.0
2030,479,2,0,1,1.0
2030,479,2,0,2,1.0
2030,479,2,1,2,1.0
2030,479,4,0,1,1.0
2030,479,4,0,2,1.0
2030,479,4,1,2,1.0
2030,479,6,0,1,1.0
2030,479,6,0,2,1.0
2030,479,6,1,2,1.0
2030,479,8,0,1,1.0
2030,479,8,0,2,1.0
2030,479,8,1,2,1.0
2030,467,2,0,1,1.0
2030,467,2,0,2,1.0
2030,467,2,1,2,1.0
2030,467,4,0,1,1.0
2030,467,4,0,2,1.0
2030,467,4,1,2,1.0
2030,467,6,0,1,1.0
2030,467,6,0,2,1.0
2030,467,6,1,2,1.0
2030,467,8,0,1,1.0
2030,467,8,0,2,1.0
2030,467,8,1,2,1.0
2030,462,2,0,1,1.0
2030,462,2,0,2,1.0
2030,462,2,1,2,1.0
2030,462,4,0,1,0.6
2030,462,4,0,2,0.6
2030,462,4,1,2,1.0
2030,462,6,0,1,1.0
2030,462,6,0,2,1.0
2030,462,6,1,2,1.0
2030,462,8,0,1,1.0
2030,462,8,0,2,1.0
2030,462,8,1,2,1.0
2030,300,2,0,1,1.0
2030,300,2,0,2,1.0
2030,300,2,1,2,1.0
2030,300,4,0,1,1.0
2030,300,4,0,2,1.0
2030,300,4,1,2,1.0
2030,300,6,0,1,1.0
2030,300,6,0,2,1.0
2030,300,6,1,2,1.0
2030,300,8,0,1,1.0
2030,300,8,0,2,1.0
2030,300,8,1,2,1.0
2030,568,2,0,1,1.0
2030,568,2,0,2,1.0
2030,568,2,1,2,1.0
2030,568,4,0,1,1.0
2030,568,4,0,2,1.0
2030,568,4,1,2,1.0
2030,568,6,0,1,1.0
2030,568,6,0,2,1.0
2030,568,6,1,2,1.0
2030,568,8,0,1,1.0
2030,568,8,0,2,1.0
2030,568,8,1,2,1.0
2030,203,2,0,1,1.0
2030,203,2,0,2,1.0
2030,203,2,1,2,1.0
2030,203,4,0,1,1.0
2030,203,4,0,2,1.0
2030,203,4,1,2,1.0
2030,203,6,0,1,1.0
2030,203,6,0,2,1.0
2030,203,6,1,2,1.0
2030,203,8,0,1,1.0
2030,203,8,0,2,1.0
2030,203,8,1,2,1.0
2030,540,2,0,1,1.0
2030,540,2,0,2,1.0
2030,540,2,1,2,1.0
2030,540,4,0,1,1.0
2030,540,4,0,2,1.0
2030,540,4,1,2,1.0
2030,540,6,0,1,1.0
2030,540,6,0,2,1.0
2030,540,6,1,2,1.0
2030,540,8,0,1,1.0
2030,540,8,0,2,1.0
2030,540,8,1,2,1.0
2030,207,2,0,1,1.0
2030,207,2,0,2,1.0
2030,207,2,1,2,1.0
2030,207,4,0,1,1.0
2030,207,4,0,2,1.0
2030,207,4,1,2,1.0
2030,207,6,0,1,1.0
2030,207,6,0,2,1.0
2030,207,6,1,2,1.0
2030,207,8,0,1,1.0
2030,207,8,0,2,1.0
2030,207,8,1,2,1.0
2030,562,2,0,1,1.0
2030,562,2,0,2,1.0
2030,562,2,1,2,1.0
2030,562,4,0,1,1.0
2030,562,4,0,2,1.0
2030,562,4,1,2,1.0
2030,562,6,0,1,1.0
2030,562,6,0,2,1.0
2030,562,6,1,2,1.0
2030,562,8,0,1,1.0
2030,562,8,0,2,1.0
2030,562,8,1,2,1.0
2030,577,2,0,1,1.0
2030,577,2,0,2,1.0
2030,577,2,1,2,1.0
2030,577,4,0,1,1.0
2030,577,4,0,2,1.0
2030,577,4,1,2,1.0
2030,577,6,0,1,1.0
2030,577,6,0,2,1.0
2030,577,6,1,2,1.0
2030,577,8,0,1,1.0
2030,577,8,0,2,1.0
2030,577,8,1,2,1.0
2030,330,2,0,1,1.0
2030,330,2,0,2,1.0
2030,330,2,1,2,1.0
2030,330,4,0,1,1.0
2030,330,4,0,2,1.0
2030,330,4,1,2,1.0
2030,330,6,0,1,1.0
2030,330,6,0,2,1.0
2030,330,6,1,2,1.0
2030,330,8,0,1,1.0
2030,330,8,0,2,1.0
2030,330,8,1,2,1.0
2030,500,2,0,1,1.0
2030,500,2,0,2,1.0
2030,500,2,1,2,1.0
2030,500,4,0,1,1.0
2030,500,4,0,2,1.0
2030,500,4,1,2,1.0
2030,500,6,0,1,1.0
2030,500,6,0,2,1.0
2030,500,6,1,2,1.0
2030,500,8,0,1,1.0
2030,500,8,0,2,1.0
2030,500,8,1,2,1.0
2030,165,2,0,1,1.0
2030,165,2,0,2,1.0
2030,165,2,1,2,1.0
2030,165,4,0,1,1.0
2030,165,4,0,2,1.0
2030,165,4,1,2,1.0
2030,165,6,0,1,1.0
2030,165,6,0,2,1.0
2030,165,6,1,2,1.0
2030,165,8,0,1,1.0
2030,165,8,0,2,1.0
2030,165,8,1,2,1.0
2030,574,2,0,1,1.0
2030,574,2,0,2,1.0
2030,574,2,1,2,1.0
2030,574,4,0,1,1.0
2030,574,4,0,2,1.0
2030,574,4,1,2,1.0
2030,574,6,0,1,1.0
2030,574,6,0,2,1.0
2030,574,6,1,2,1.0
2030,574,8,0,1,1.0
2030,574,8,0,2,1.0
2030,574,8,1,2,1.0
2030,412,2,0,1,1.0
2030,412,2,0,2,1.0
2030,412,2,1,2,1.0
2030,412,4,0,1,1.0
2030,412,4,0,2,1.0
2030,412,4,1,2,1.0
2030,412,6,0,1,1.0
2030,412,6,0,2,1.0
2030,412,6,1,2,1.0
2030,412,8,0,1,1.0
2030,412,8,0,2,1.0
2030,412,8,1,2,1.0
