data_seed,model_seed,model,rmse,mae,r2,training_seconds,full_graph_inference_ms,best_epoch,best_val_rmse
2026,0,Linear regression,0.04409169216080205,0.03224688395857811,0.8940758109092712,0.0025373890002811095,0.4086999997525709,,
2026,0,Random forest,0.05234111078176427,0.03459436949573521,0.8507317268556441,0.499316715000532,59.86655000015162,,
2026,0,Gradient boosting,0.049646711223067394,0.033734269489509486,0.8657041452478407,0.3541503999995257,5.06542899984197,,
2026,0,MLP,0.04514460958523715,0.03342696279287338,0.8889564275741577,0.5324427169998671,0.4582760002449504,,
2026,1,Linear regression,0.04409169216080205,0.03224688395857811,0.8940758109092712,0.0013450129999910132,0.282713999695261,,
2026,1,Random forest,0.05374525661971643,0.035173972592377416,0.8426155138898859,0.4312703640007385,56.29654899985326,,
2026,1,Gradient boosting,0.049646711223067394,0.033734269489509486,0.8657041452478407,0.3665071089999401,4.653517000406282,,
2026,1,MLP,0.0490259098668179,0.034671906381845474,0.8690417408943176,0.41556758000024274,0.6990700003370875,,
2026,2,Linear regression,0.04409169216080205,0.03224688395857811,0.8940758109092712,0.0016866549995029345,0.4054430000905995,,
2026,2,Random forest,0.05363840157138472,0.035211532816773285,0.8432407080008016,0.4547643949999838,57.65488900033233,,
2026,2,Gradient boosting,0.049646711223067394,0.033734269489509486,0.8657041452478407,0.32262955799978954,3.980956999839691,,
2026,2,MLP,0.047394899256029015,0.03331345319747925,0.8776103258132935,0.16812051299984887,0.5798989996037562,,
2026,3,Linear regression,0.04409169216080205,0.03224688395857811,0.8940758109092712,0.0015073039994604187,0.36656000065704575,,
2026,3,Random forest,0.05328604862460807,0.03522724076339033,0.8452934604185314,0.4254823100000067,64.10718400002224,,
2026,3,Gradient boosting,0.049646711223067394,0.033734269489509486,0.8657041452478407,0.371644144000129,4.784337000273808,,
2026,3,MLP,0.045990582559134026,0.032324861735105515,0.8847557306289673,0.3233684890001314,0.5600549993687309,,
2026,4,Linear regression,0.04409169216080205,0.03224688395857811,0.8940758109092712,0.0016307269997923868,0.37629999951604987,,
2026,4,Random forest,0.05330458871215946,0.03490981281946675,0.8451857860141018,0.5064303660001315,73.88714799981244,,
2026,4,Gradient boosting,0.049646711223067394,0.033734269489509486,0.8657041452478407,0.34289959800025827,4.3493180000950815,,
2026,4,MLP,0.048183561815236566,0.03401733934879303,0.8735032081604004,0.7540187179993154,0.6142660004115896,,
2026,0,GCN,0.08738117654315204,0.05921191722154617,0.5839769244194031,2.3859019430001354,13.821923000250536,206,0.07329709082841873
2026,1,GCN,0.08469293516654675,0.057677701115608215,0.6091806888580322,3.3424394290004784,1.185133000035421,228,0.07285673916339874
2026,2,GCN,0.08601091240317323,0.05803345516324043,0.5969223380088806,1.4063202180004737,1.2005139997199876,223,0.07296009361743927
2026,3,GCN,0.08601076351861746,0.05833382532000542,0.5969237089157104,1.7972406670005512,1.9655229998534196,247,0.07357734441757202
2026,4,GCN,0.0860269606472226,0.058452628552913666,0.5967719554901123,1.3330764549991727,1.0486549999768613,186,0.07320090383291245
2026,0,GAT,0.03951989987474704,0.027988312765955925,0.9149031639099121,8.75930505299948,5.783883000731294,392,0.02878468856215477
2026,1,GAT,0.04348031100893182,0.0313442163169384,0.8969929814338684,10.650453076999838,1.982114000384172,274,0.031639423221349716
2026,2,GAT,0.039250584133795424,0.02673283778131008,0.9160590767860413,3.309868886000004,2.1825020003234386,341,0.030454697087407112
2026,3,GAT,0.03790472858248173,0.02639322355389595,0.9217168092727661,3.4217225590000453,2.027104000262625,303,0.029659878462553024
2026,4,GAT,0.04001759616591303,0.029700569808483124,0.9127463698387146,2.559748302999651,1.7817019997892203,226,0.034054551273584366
2026,0,GraphSAGE,0.026072073608909868,0.019094355404376984,0.9629632830619812,1.521679478999431,0.7467010000254959,354,0.01967240311205387
2026,1,GraphSAGE,0.02675027836937207,0.019583992660045624,0.9610113501548767,1.0702688439996564,1.0196470002483693,237,0.020664174109697342
2026,2,GraphSAGE,0.024858447730293325,0.01826574094593525,0.9663310647010803,1.5969239490004838,0.8119909998640651,399,0.0192240159958601
2026,3,GraphSAGE,0.026842889223727868,0.019612153992056847,0.9607409238815308,1.4700923009995677,0.8352100003321539,285,0.02044982835650444
2026,4,GraphSAGE,0.029256914622226068,0.020376713946461678,0.9533621072769165,1.0220679379999638,1.0076800008391729,223,0.0215663630515337
2026,0,GraphSAGE features only,0.04056541108530208,0.026837091892957687,0.9103410840034485,0.4095428170003288,0.24574999952164944,149,0.03189796581864357
2026,0,GraphSAGE topology only,0.13553058130575607,0.10032036155462265,-0.0008205175399780273,0.32843419699929655,0.9819310007515014,42,0.1362556368112564
2026,0,GraphSAGE shuffled edges,0.03793353221109745,0.025939948856830597,0.9215978384017944,1.0088036799998008,0.8636450002086349,225,0.03306502103805542
2026,1,GraphSAGE features only,0.03797570500919353,0.025444271042943,0.9214233756065369,0.43902987300043606,0.321912999424967,176,0.03133225440979004
2026,1,GraphSAGE topology only,0.13562839870764973,0.099794901907444,-0.0022656917572021484,0.2198638950003442,0.9370759999001166,13,0.13627536594867706
2026,1,GraphSAGE shuffled edges,0.03928044583615408,0.027011103928089142,0.9159312844276428,1.156473854000069,1.0050029995909426,260,0.032236360013484955
2026,2,GraphSAGE features only,0.03846067606507596,0.025861892849206924,0.919403612613678,0.49425529500058474,0.3241739996155957,167,0.030705131590366364
2026,2,GraphSAGE topology only,0.13556768329097463,0.10007534176111221,-0.0013686418533325195,0.3375534679998964,1.0182309997617267,41,0.13625836372375488
2026,2,GraphSAGE shuffled edges,0.039292475120370665,0.02668129652738571,0.9158797860145569,0.9277911300005144,1.3954059995739954,201,0.030947484076023102
2026,3,GraphSAGE features only,0.038680494556817886,0.026442117989063263,0.9184797406196594,0.5697593129998495,0.24098700032482157,211,0.030933214351534843
2026,3,GraphSAGE topology only,0.13554499732044425,0.10021760314702988,-0.0010335445404052734,0.3323677820008015,0.970357000369404,41,0.1362556368112564
2026,3,GraphSAGE shuffled edges,0.04235755743681456,0.029248900711536407,0.902243971824646,0.7497240490001786,0.7088329994076048,150,0.032679442316293716
2026,4,GraphSAGE features only,0.04142782727601985,0.027714421972632408,0.906488299369812,0.3417080929993972,0.37120399974810425,93,0.03186807781457901
2026,4,GraphSAGE topology only,0.1355583950061384,0.10013118386268616,-0.0012314319610595703,0.20555406899984519,0.9731340005600941,10,0.13625691831111908
2026,4,GraphSAGE shuffled edges,0.043808720820647,0.029717691242694855,0.8954310417175293,0.7429935709997153,0.7289099994522985,158,0.03149617835879326
2027,0,Linear regression,0.04608358163934506,0.03686869889497757,0.8969343304634094,0.0025425660005566897,0.6822530003773863,,
2027,0,Random forest,0.056619969713833825,0.041632785405272404,0.8444174873214034,0.428950542000166,58.84861899994576,,
2027,0,Gradient boosting,0.05255550156034268,0.039849894305179705,0.8659527570686515,0.326644495000437,4.329350000261911,,
2027,0,MLP,0.05550094177412538,0.04142432287335396,0.8505065441131592,0.9769982020006864,0.5755869997301488,,
2027,1,Linear regression,0.04608358163934506,0.03686869889497757,0.8969343304634094,0.0014789450005991966,0.37423499998112675,,
2027,1,Random forest,0.057318553505056574,0.04185973795458395,0.8405546127508016,0.5151226719999613,66.40795999919646,,
2027,1,Gradient boosting,0.05255550156034268,0.039849894305179705,0.8659527570686515,0.36400634100027673,4.887206000603328,,
2027,1,MLP,0.049557356896176276,0.03759225830435753,0.880810558795929,0.8861019039995881,0.601205999373633,,
2027,2,Linear regression,0.04608358163934506,0.03686869889497757,0.8969343304634094,0.0014430559995162184,0.3801769998972304,,
2027,2,Random forest,0.05689910219206463,0.04164174792029946,0.8428796842679533,0.6825830710004084,79.44254599988199,,
2027,2,Gradient boosting,0.05255550156034268,0.039849894305179705,0.8659527570686515,0.8905767229998673,29.2317590001403,,
2027,2,MLP,0.04412714506558446,0.03496621549129486,0.9054996967315674,0.7219668899997487,6.461995999416104,,
2027,3,Linear regression,0.04608358163934506,0.03686869889497757,0.8969343304634094,0.02026561699949525,0.4351390007286682,,
2027,3,Random forest,0.05735147434421073,0.041731277843490434,0.8403714056380427,0.5261478370002806,74.76997699995991,,
2027,3,Gradient boosting,0.05255550156034268,0.039849894305179705,0.8659527570686515,0.3213551170001665,4.38489199950709,,
2027,3,MLP,0.04889599613016789,0.03654737398028374,0.8839705586433411,0.5988840499994694,0.6803639998906874,,
2027,4,Linear regression,0.04608358163934506,0.03686869889497757,0.8969343304634094,0.0015099470001587179,0.3888709998136619,,
2027,4,Random forest,0.05744045570537899,0.04182285347841814,0.8398756908001028,0.5968103579998569,68.4323730001779,,
2027,4,Gradient boosting,0.05255550156034268,0.039849894305179705,0.8659527570686515,0.3048123439994015,4.555358000288834,,
2027,4,MLP,0.047012490058977494,0.035533759742975235,0.8927374482154846,3.2475543090004066,0.9041049997904338,,
2027,0,GCN,0.0769423890007251,0.05136759206652641,0.7126886248588562,1.119874856000024,1.167815999906452,203,0.08544441312551498
2027,1,GCN,0.07835613273500162,0.053501028567552567,0.7020334005355835,0.8100872089999029,1.6855320000104257,130,0.08560912311077118
2027,2,GCN,0.07854838684134123,0.05322929099202156,0.7005695104598999,0.8662723359993834,1.1138319996462087,133,0.08529403805732727
2027,3,GCN,0.07633318387937717,0.05085641145706177,0.7172203063964844,1.2032512609994228,1.2431099994500983,207,0.08542471379041672
2027,4,GCN,0.07641151524658368,0.051122989505529404,0.7166396379470825,0.9430802179995226,1.0545199993430288,159,0.08495423942804337
2027,0,GAT,0.04583666581172935,0.030283428728580475,0.8980358242988586,2.8704635439999038,2.3314639993259334,213,0.0417863130569458
2027,1,GAT,0.042959506221809336,0.028165526688098907,0.9104346632957458,8.123611778999475,2.0245129999238998,397,0.038645949214696884
2027,2,GAT,0.042807544866139434,0.025755202397704124,0.9110671281814575,3.0631707630000164,1.740922999488248,322,0.03802048787474632
2027,3,GAT,0.04010267409085122,0.025819726288318634,0.9219508171081543,3.2775132079996183,2.2174690002429998,394,0.03353654965758324
2027,4,GAT,0.03692530008099593,0.02697865478694439,0.9338287115097046,2.9721804400005567,1.713960999950359,258,0.04110078513622284
2027,0,GraphSAGE,0.027668978301540137,0.01959279738366604,0.9628458023071289,6.012409986000421,4.685439000240876,275,0.024975478649139404
2027,1,GraphSAGE,0.02663441190535779,0.01842927746474743,0.9655722975730896,3.656141724999543,0.9940379995896365,397,0.023447075858712196
2027,2,GraphSAGE,0.028331683400055593,0.020241133868694305,0.9610447287559509,1.260979949999637,1.7783559997042175,224,0.02696043998003006
2027,3,GraphSAGE,0.027038209322841674,0.01917223259806633,0.9645205140113831,1.9559978790002788,1.0859770000024582,379,0.02454022876918316
2027,4,GraphSAGE,0.030212630646738906,0.01937262900173664,0.9557005167007446,2.574993803000325,0.8937800002968288,200,0.026144711300730705
2027,0,GraphSAGE features only,0.036329813310400326,0.028345482423901558,0.9359457492828369,0.6346146670002781,0.23560599947813898,177,0.03963292017579079
2027,0,GraphSAGE topology only,0.14634945696134402,0.11830364912748337,-0.03945040702819824,0.7730291949992534,1.2995890001548105,10,0.13689987361431122
2027,0,GraphSAGE shuffled edges,0.04004313866870714,0.03126918151974678,0.9221824407577515,4.0357463230002395,0.8811990001049708,306,0.04043534770607948
2027,1,GraphSAGE features only,0.0359369345936664,0.028240691870450974,0.9373236894607544,2.113461668999662,0.2332579997528228,265,0.0395272932946682
2027,1,GraphSAGE topology only,0.14520252126758887,0.11505100131034851,-0.023221969604492188,0.8211629600000379,4.415694999806874,11,0.13663850724697113
2027,1,GraphSAGE shuffled edges,0.03792210026195911,0.02983037754893303,0.9302079081535339,2.9217934769994827,0.7268910003404017,265,0.04175571724772453
2027,2,GraphSAGE features only,0.035814271412785946,0.027835842221975327,0.9377508163452148,0.5734433010002249,0.23856900043028872,221,0.039901942014694214
2027,2,GraphSAGE topology only,0.14458512899999612,0.11299625784158707,-0.014539003372192383,0.20963573199969687,0.9216869993906585,14,0.13664570450782776
2027,2,GraphSAGE shuffled edges,0.03769763744181357,0.02907254733145237,0.9310316443443298,0.9087740260001738,0.7720459998381557,209,0.04004274308681488
2027,3,GraphSAGE features only,0.03626144073720418,0.028376108035445213,0.9361866116523743,0.7392379849998179,0.25638099941716064,316,0.03848547860980034
2027,3,GraphSAGE topology only,0.14563386692631097,0.116310253739357,-0.029310226440429688,0.21911261600052967,1.0869789994103485,9,0.13670605421066284
2027,3,GraphSAGE shuffled edges,0.03876467357249802,0.030332619324326515,0.9270721077919006,0.8745659590003925,0.8577919998060679,159,0.04311160743236542
2027,4,GraphSAGE features only,0.03554119684383108,0.027935003861784935,0.9386964440345764,1.5719479270001102,0.36229500074114185,275,0.03916317597031593
2027,4,GraphSAGE topology only,0.14392364214610628,0.10990770161151886,-0.005277156829833984,0.8986688039994988,2.58513800054061,9,0.13694442808628082
2027,4,GraphSAGE shuffled edges,0.03629710086605673,0.028245922178030014,0.9360610842704773,24.42097762100002,1.5529499996773666,272,0.04059738665819168
2028,0,Linear regression,0.040282357813895914,0.031435634940862656,0.8752985596656799,0.002120416999787267,0.48771199999464443,,
2028,0,Random forest,0.045298430454922906,0.03313941716231941,0.8423086173086554,0.5085061649997442,96.86066699941875,,
2028,0,Gradient boosting,0.042741904333107615,0.0318053261630855,0.8596057283067062,0.3497891750002964,5.2065270001548924,,
2028,0,MLP,0.050308512165350865,0.03860459104180336,0.8054977655410767,0.3995201480001924,0.702827999703004,,
2028,1,Linear regression,0.040282357813895914,0.031435634940862656,0.8752985596656799,0.0012205979992359062,0.2845859999069944,,
2028,1,Random forest,0.046170135504803894,0.03368142036153219,0.8361811206286678,0.4555439819996536,63.68677599948569,,
2028,1,Gradient boosting,0.042741904333107615,0.0318053261630855,0.8596057283067062,0.3925090190004994,4.6896660005586455,,
2028,1,MLP,0.062462639072756544,0.04722170904278755,0.7001650333404541,0.09546735999992961,0.4345720008132048,,
2028,2,Linear regression,0.040282357813895914,0.031435634940862656,0.8752985596656799,0.0011091770002167323,0.2616320007291506,,
2028,2,Random forest,0.0445600174210689,0.032776501664387475,0.8474077923341512,0.4174201509995328,58.72199199984607,,
2028,2,Gradient boosting,0.042741904333107615,0.0318053261630855,0.8596057283067062,0.37321569899995666,4.631602000699786,,
2028,2,MLP,0.04461051230058117,0.03520585224032402,0.8470617532730103,0.2110114799997973,0.541186999726051,,
2028,3,Linear regression,0.040282357813895914,0.031435634940862656,0.8752985596656799,0.001653685999372101,0.39339599970844574,,
2028,3,Random forest,0.04547031662941654,0.03354467084816708,0.8411096179820464,0.4517763109997759,57.679300000017975,,
2028,3,Gradient boosting,0.042741904333107615,0.0318053261630855,0.8596057283067062,0.353197982999518,4.183928000202286,,
2028,3,MLP,0.04979428014287494,0.03488911688327789,0.8094537258148193,0.23594366100041952,0.5485109995788662,,
2028,4,Linear regression,0.040282357813895914,0.031435634940862656,0.8752985596656799,0.0015592059999107732,0.36455200006457744,,
2028,4,Random forest,0.04592294916657127,0.03331673802173165,0.8379305367985639,0.48241912699995737,98.89694599951326,,
2028,4,Gradient boosting,0.042741904333107615,0.0318053261630855,0.8596057283067062,0.3073029019997193,4.31949199992232,,
2028,4,MLP,0.0507302142407319,0.03635567054152489,0.8022233247756958,0.7350930949996837,0.5910840000069584,,
2028,0,GCN,0.07557199310095065,0.05495244637131691,0.5611022114753723,1.7547228470002665,1.2110010002288618,332,0.060633327811956406
2028,1,GCN,0.07756962966407094,0.057105835527181625,0.5375922918319702,1.0550439779999579,1.2271160003365367,182,0.06418459862470627
2028,2,GCN,0.07759531584560488,0.05734951049089432,0.5372859835624695,0.9863780059995406,1.3034069997956976,167,0.06304527819156647
2028,3,GCN,0.07575320149984306,0.0555257648229599,0.5589948892593384,1.9478418270000475,1.283696999962558,360,0.06106660142540932
2028,4,GCN,0.07780185267553452,0.056834373623132706,0.534819483757019,3.3608956170000965,1.318900999649486,243,0.06134568527340889
2028,0,GAT,0.03929595031844826,0.02905981056392193,0.8813310265541077,4.159894735999842,2.323939999769209,199,0.039370033890008926
2028,1,GAT,0.03787480729572606,0.027261635288596153,0.8897591829299927,2.5638998829999764,8.194618999368686,199,0.03902143985033035
2028,2,GAT,0.02970503364583235,0.021633677184581757,0.9321887493133545,3.6194901559993014,1.7199230005644495,272,0.03580523654818535
2028,3,GAT,0.028927708325919378,0.02098795957863331,0.9356912970542908,4.886982904999968,2.3456219996660366,318,0.03425871208310127
2028,4,GAT,0.03935610431082225,0.0300151277333498,0.8809674382209778,2.303990244000488,2.344771000025503,198,0.0367242768406868
2028,0,GraphSAGE,0.020508165867349614,0.015278920531272888,0.9676781892776489,1.8596575139999914,0.8784179999565822,329,0.023814719170331955
2028,1,GraphSAGE,0.02061781375018992,0.014960483647882938,0.9673316478729248,7.153731193000567,1.0393030006525805,390,0.023924177512526512
2028,2,GraphSAGE,0.02164502793883116,0.0157398022711277,0.9639953970909119,3.639903793000485,1.1138190002384363,235,0.024848749861121178
2028,3,GraphSAGE,0.022316025953977053,0.016561370342969894,0.9617285132408142,7.286168173000078,3.3318420000796323,269,0.0236038975417614
2028,4,GraphSAGE,0.022577697541965445,0.01574551872909069,0.9608257412910461,4.342869621000318,12.624897999558016,258,0.024954410269856453
2028,0,GraphSAGE features only,0.0371194452500583,0.02576262690126896,0.8941125273704529,0.5158486809996248,0.28506899980129674,129,0.037853699177503586
2028,0,GraphSAGE topology only,0.11622640763221367,0.09188749641180038,-0.03812885284423828,0.251427485000022,0.948574999711127,11,0.14161798357963562
2028,0,GraphSAGE shuffled edges,0.04026353240191358,0.02860395424067974,0.8754150867462158,0.8126250539999091,1.0530089994063019,145,0.038708291947841644
2028,1,GraphSAGE features only,0.03812144989688111,0.027874307706952095,0.8883187174797058,0.383695882000211,0.3845789997285465,116,0.038488250225782394
2028,1,GraphSAGE topology only,0.11603151222264099,0.09152336418628693,-0.03465008735656738,0.2078351330001169,0.8792859998720814,12,0.1416187882423401
2028,1,GraphSAGE shuffled edges,0.03883810710630832,0.02744394913315773,0.884080171585083,0.9703335119993426,0.9521699994365918,194,0.04025666415691376
2028,2,GraphSAGE features only,0.0359688677024614,0.025614598765969276,0.9005751013755798,0.540124155999365,0.3561349994924967,117,0.03796413913369179
2028,2,GraphSAGE topology only,0.11529185187128221,0.08996731787919998,-0.02150118350982666,0.3064779879996422,1.270175999707135,15,0.1417105346918106
2028,2,GraphSAGE shuffled edges,0.036956969811187144,0.027884121984243393,0.8950374722480774,1.3665635739998834,1.0302059999958146,199,0.038356341421604156
2028,3,GraphSAGE features only,0.03698297670430188,0.027049975469708443,0.8948897123336792,0.4094754699999612,12.750097000207461,103,0.03718523681163788
2028,3,GraphSAGE topology only,0.11546321146487613,0.09034831076860428,-0.024539947509765625,0.2964109360000293,1.0163340002691257,10,0.14167369902133942
2028,3,GraphSAGE shuffled edges,0.039784855827410794,0.02942601963877678,0.8783597946166992,1.1363861859999815,0.9426509996046661,159,0.03779073804616928
2028,4,GraphSAGE features only,0.03647193254149321,0.026245510205626488,0.8977745175361633,0.31693482199989376,0.31770199984748615,107,0.03731426224112511
2028,4,GraphSAGE topology only,0.11763668993867676,0.09430118650197983,-0.06347477436065674,0.22485341199990216,1.225877000251785,9,0.1417841911315918
2028,4,GraphSAGE shuffled edges,0.03959465095765891,0.027944393455982208,0.879520058631897,0.598379128000488,1.5943629996399977,111,0.0380372554063797
2029,0,Linear regression,0.04273440112578659,0.034504231065511703,0.9088465571403503,0.0024775140000201645,0.42832500002987217,,
2029,0,Random forest,0.04816255864581526,0.03358684580392315,0.884219128814539,0.4502020959998845,81.50969500002248,,
2029,0,Gradient boosting,0.04145148257587285,0.02975768396548139,0.9142374178933461,0.3672617309994166,7.014546999926097,,
2029,0,MLP,0.05417109954252553,0.041750453412532806,0.8535285592079163,0.7465311030000521,0.5424709997896571,,
2029,1,Linear regression,0.04273440112578659,0.034504231065511703,0.9088465571403503,0.0011705060005624546,0.2723679999689921,,
2029,1,Random forest,0.04782019146443071,0.03335270764367663,0.8858593523075554,0.6952389230000335,78.18314999985887,,
2029,1,Gradient boosting,0.04145148257587285,0.02975768396548139,0.9142374178933461,0.3718400220004696,5.1270519998070085,,
2029,1,MLP,0.05928502402284888,0.04461604729294777,0.8245684504508972,0.30285398900014115,0.4265349998604506,,
2029,2,Linear regression,0.04273440112578659,0.034504231065511703,0.9088465571403503,0.001196201000311703,0.2718010000535287,,
2029,2,Random forest,0.048056933136708835,0.03364165310847001,0.8847264109697351,0.5565292169994791,90.3954369996427,,
2029,2,Gradient boosting,0.04145148257587285,0.02975768396548139,0.9142374178933461,0.2740181899998788,4.728986999907647,,
2029,2,MLP,0.0507329725064896,0.03888259828090668,0.8715310096740723,0.4725284249998367,0.5738660001952667,,
2029,3,Linear regression,0.04273440112578659,0.034504231065511703,0.9088465571403503,0.0017842000006567105,0.39835999996284954,,
2029,3,Random forest,0.04777885194342544,0.03350761131375225,0.8860566112489899,0.5706343089996153,102.03794600056426,,
2029,3,Gradient boosting,0.04145148257587285,0.02975768396548139,0.9142374178933461,0.2569447799996851,3.699535000123433,,
2029,3,MLP,0.04713042277327981,0.038006920367479324,0.8891283869743347,0.7100476340001478,0.6014509999658912,,
2029,4,Linear regression,0.04273440112578659,0.034504231065511703,0.9088465571403503,0.0030223020003177226,0.3787360001297202,,
2029,4,Random forest,0.04764332231395783,0.03356319092235883,0.8867021187159668,0.5498351120004372,60.40467599996191,,
2029,4,Gradient boosting,0.04145148257587285,0.02975768396548139,0.9142374178933461,0.37331618600001093,5.2105169997958,,
2029,4,MLP,0.05050984859050405,0.03838922455906868,0.8726585507392883,1.4710514259995762,0.5660589995386545,,
2029,0,GCN,0.07906604781973495,0.05696302279829979,0.6879689693450928,1.3609630519995335,1.3311630000316654,247,0.07525450736284256
2029,1,GCN,0.08009405966132169,0.05740245059132576,0.6798022389411926,3.691445808000026,1.5889740006969078,210,0.07502433657646179
2029,2,GCN,0.07980799178939754,0.057194456458091736,0.682085394859314,1.1771171260006668,1.4707209993503056,185,0.07439786195755005
2029,3,GCN,0.08008111099165452,0.05732038989663124,0.6799057722091675,1.2888576189998275,1.2729620002573938,211,0.07468800246715546
2029,4,GCN,0.07969649605367211,0.05658232420682907,0.6829730272293091,17.874678252000194,1.9630090000646305,348,0.07481197267770767
2029,0,GAT,0.03591549934612752,0.02434825524687767,0.9356154799461365,4.097986441000103,1.6965790000540437,388,0.035412516444921494
2029,1,GAT,0.03834235699296821,0.027422228828072548,0.9266204237937927,2.3685494760002257,1.6419590001532924,225,0.03618293255567551
2029,2,GAT,0.04046182190430662,0.027856001630425453,0.9182837009429932,2.3704913399997167,2.4820850003379746,228,0.03732536360621452
2029,3,GAT,0.03677680924280912,0.025455117225646973,0.932490348815918,3.87083847500071,1.9310710003992426,392,0.031463202089071274
2029,4,GAT,0.033729564439814404,0.02499147690832615,0.9432142972946167,3.726687657000184,2.3352960006377543,287,0.03577620908617973
2029,0,GraphSAGE,0.027250917838244723,0.020614037290215492,0.9629336595535278,1.075014187999841,1.051273000484798,217,0.02586282417178154
2029,1,GraphSAGE,0.027173943424823353,0.020658036693930626,0.9631427526473999,1.7969201550004072,0.8880960003807559,396,0.025840235874056816
2029,2,GraphSAGE,0.026584317340619584,0.020101578906178474,0.9647248387336731,1.7275303919996077,0.8725679999770364,399,0.02523365430533886
2029,3,GraphSAGE,0.02768257548182087,0.020903216674923897,0.9617500901222229,1.0754174550002062,0.8912089997465955,224,0.025505701079964638
2029,4,GraphSAGE,0.025383068986975243,0.01947585679590702,0.9678407311439514,1.6202639459997954,0.848581999889575,365,0.024873552843928337
2029,0,GraphSAGE features only,0.03576790022852118,0.025862019509077072,0.9361435770988464,0.5641283739996652,0.29228600033093244,166,0.039738040417432785
2029,0,GraphSAGE topology only,0.1428794289984619,0.10552744567394257,-0.018959999084472656,0.33472497500042664,0.8238549999077804,35,0.12623508274555206
2029,0,GraphSAGE shuffled edges,0.03748654227125298,0.02680504322052002,0.9298595786094666,1.716399647999424,1.0160199999518227,343,0.03843272477388382
2029,1,GraphSAGE features only,0.03672292538501553,0.026498692110180855,0.9326880574226379,0.5928044769998451,0.2881979999074247,203,0.03581281751394272
2029,1,GraphSAGE topology only,0.14294349546372723,0.10548101365566254,-0.019873976707458496,0.29587286100013444,0.8624640004200046,40,0.1262345314025879
2029,1,GraphSAGE shuffled edges,0.03864811506940752,0.028007131069898605,0.9254454374313354,0.9919470570002886,0.9305479998147348,199,0.038999609649181366
2029,2,GraphSAGE features only,0.034889068536447396,0.02537284605205059,0.939242959022522,0.5329035260001547,0.2933190007752273,182,0.03810807317495346
2029,2,GraphSAGE topology only,0.142967548000515,0.10546384006738663,-0.020217180252075195,0.3020994070002416,0.8759399997870787,39,0.1262347549200058
2029,2,GraphSAGE shuffled edges,0.03542595630774537,0.025782885029911995,0.9373586773872375,1.2358569660000285,1.0782010003822506,271,0.03963615000247955
2029,3,GraphSAGE features only,0.03502564708465007,0.02536490559577942,0.938766360282898,0.6055596470005185,0.35593299980973825,213,0.037716735154390335
2029,3,GraphSAGE topology only,0.14285542681846933,0.10554511845111847,-0.018617630004882812,0.27289353299966024,0.9048480005731108,34,0.1262357532978058
2029,3,GraphSAGE shuffled edges,0.03675976406768492,0.027485108003020287,0.9325529336929321,1.0055896889998621,0.9136870003203512,206,0.035937823355197906
2029,4,GraphSAGE features only,0.035663072453761116,0.02586265839636326,0.9365173578262329,0.7771853049998754,0.48411199986730935,292,0.03686721250414848
2029,4,GraphSAGE topology only,0.142866926464911,0.10553661733865738,-0.018781661987304688,0.2972926419997748,0.9528159998808405,40,0.12623539566993713
2029,4,GraphSAGE shuffled edges,0.03842737065619348,0.028169747442007065,0.9262946248054504,0.8852768440001455,0.8452859992758022,177,0.039246316999197006
2030,0,Linear regression,0.04054473164990325,0.032228272408246994,0.9016196727752686,0.002489323999725457,0.4504019998421427,,
2030,0,Random forest,0.043581030566490646,0.032319675348189296,0.8863329813694405,0.4414688730003036,59.823314999448485,,
2030,0,Gradient boosting,0.04138824595928801,0.030742629344052457,0.8974835591561667,0.22156528600044112,3.2365839997510193,,
2030,0,MLP,0.04590425809517666,0.03512170538306236,0.8738911747932434,0.33156158399924607,0.6183240002428647,,
2030,1,Linear regression,0.04054473164990325,0.032228272408246994,0.9016196727752686,0.0017269489999307552,0.4678840004999074,,
2030,1,Random forest,0.043390679612031254,0.03226416921633755,0.8873237506809301,0.46833762000005663,57.09910899986426,,
2030,1,Gradient boosting,0.04138824595928801,0.030742629344052457,0.8974835591561667,0.3400842080000075,4.78519399985089,,
2030,1,MLP,0.05319076203640179,0.0386582612991333,0.8306785821914673,0.3918323819998477,0.7756420000077924,,
2030,2,Linear regression,0.04054473164990325,0.032228272408246994,0.9016196727752686,0.0015992360004020156,0.3812830000242684,,
2030,2,Random forest,0.04325488239189832,0.032124416546705725,0.8880279193211034,0.4679957190001005,57.77119499998662,,
2030,2,Gradient boosting,0.04138824595928801,0.030742629344052457,0.8974835591561667,0.2433778730000995,3.4566409995022696,,
2030,2,MLP,0.041331502523123835,0.031549979001283646,0.8977644443511963,0.4603656689996569,0.6632050008192891,,
2030,3,Linear regression,0.04054473164990325,0.032228272408246994,0.9016196727752686,0.0015097079995030072,0.4607660002875491,,
2030,3,Random forest,0.04376425862377129,0.03267062576664062,0.8853751899515251,0.4286822200001552,83.56354900024598,,
2030,3,Gradient boosting,0.04138824595928801,0.030742629344052457,0.8974835591561667,0.2262669689998802,3.0658519999633427,,
2030,3,MLP,0.04367026776050082,0.03257237374782562,0.8858669996261597,0.2566409660003046,0.665128999571607,,
2030,4,Linear regression,0.04054473164990325,0.032228272408246994,0.9016196727752686,0.0015049169996927958,0.5073889997220249,,
2030,4,Random forest,0.04419181729712339,0.03240746588341133,0.8831245758085712,0.42807266500039987,64.94969300001685,,
2030,4,Gradient boosting,0.04138824595928801,0.030742629344052457,0.8974835591561667,0.3415060850002192,4.318152999985614,,
2030,4,MLP,0.04841561111274441,0.03770611062645912,0.8597152829170227,0.47124843600067834,0.7345559997702367,,
2030,0,GCN,0.0728632022773594,0.051371488720178604,0.6822715997695923,0.8751382810005452,1.1715279997588368,144,0.08172915130853653
2030,1,GCN,0.07329806421632959,0.05210307613015175,0.6784677505493164,0.7861640149994855,1.201085000502644,127,0.08068936318159103
2030,2,GCN,0.07285331488743983,0.05135560408234596,0.682357907295227,0.8439111040006537,1.1821060006695916,125,0.08142651617527008
2030,3,GCN,0.07396968031976286,0.05211060121655464,0.6725485324859619,0.8513471329997628,1.1540859995875508,140,0.08066700398921967
2030,4,GCN,0.07327705189284653,0.051569655537605286,0.6786521077156067,0.8327166259996375,1.2494419997892692,131,0.08132118731737137
2030,0,GAT,0.03894942726773437,0.0285298153758049,0.9092092514038086,10.22642943000028,2.3034940004436066,395,0.04285217076539993
2030,1,GAT,0.042322359226870956,0.031653355807065964,0.8928038477897644,4.554273957000078,2.141605999895546,242,0.04611581936478615
2030,2,GAT,0.040311728117080864,0.028344029560685158,0.9027471542358398,10.959440986999653,2.331753999897046,267,0.04219531640410423
2030,3,GAT,0.03727026775767071,0.027118481695652008,0.9168686866760254,2.745300124000096,6.455839999944146,267,0.03998298943042755
2030,4,GAT,0.035944352131641266,0.028467075899243355,0.9226784110069275,2.2969866130006267,1.913977000185696,219,0.03973713889718056
2030,0,GraphSAGE,0.026240338400537667,0.019422071054577827,0.9587923288345337,1.2309131000001798,0.6997150003371644,297,0.027114592492580414
2030,1,GraphSAGE,0.02628036837411655,0.019806232303380966,0.9586665034294128,1.108697043000575,0.9397140001965454,268,0.0278900396078825
2030,2,GraphSAGE,0.0263624893523982,0.020011035725474358,0.9584077596664429,1.2012100689998988,0.9016720005092793,291,0.028953149914741516
2030,3,GraphSAGE,0.02651733237933269,0.019871918484568596,0.9579177498817444,1.4931956049995279,0.8965899996837834,390,0.027159200981259346
2030,4,GraphSAGE,0.026199936235135047,0.01989608444273472,0.958919107913971,1.0743092050006453,0.7859610004743445,263,0.026958731934428215
2030,0,GraphSAGE features only,0.03244835220563032,0.02527330070734024,0.9369877576828003,0.5954837730005238,0.2850190003300668,218,0.03924107924103737
2030,0,GraphSAGE topology only,0.12931843085260453,0.09854284673929214,-0.0008300542831420898,0.26538772200001404,1.0472989997651894,37,0.13205255568027496
2030,0,GraphSAGE shuffled edges,0.03435642833952724,0.027164410799741745,0.9293591976165771,1.0447797540000465,0.9502490001978003,239,0.04020237922668457
2030,1,GraphSAGE features only,0.03325620083558826,0.02591003105044365,0.9338111877441406,0.4005611319998934,0.3127190002487623,136,0.0384918749332428
2030,1,GraphSAGE topology only,0.1292654221070997,0.09754670411348343,-9.775161743164062e-06,0.2966658909999751,0.7406859995171544,42,0.13210731744766235
2030,1,GraphSAGE shuffled edges,0.03779107047150995,0.028271019458770752,0.9145292043685913,0.79437571499966,5.816169999889098,177,0.040519408881664276
2030,2,GraphSAGE features only,0.03264204865222909,0.025309164077043533,0.9362332820892334,0.5679780349992143,0.2964789991892758,200,0.03887717425823212
2030,2,GraphSAGE topology only,0.1292775398964092,0.09797003865242004,-0.0001971721649169922,0.2763714490001803,0.7283599998118007,41,0.13207384943962097
2030,2,GraphSAGE shuffled edges,0.03645816321134612,0.027385611087083817,0.9204520583152771,0.8394555810000384,1.125677000345604,187,0.040359124541282654
2030,3,GraphSAGE features only,0.03391390734885087,0.026548659428954124,0.9311672449111938,0.5523548050005047,0.30000399965501856,134,0.03918822109699249
2030,3,GraphSAGE topology only,0.12933186147033982,0.09867488592863083,-0.0010379552841186523,0.27520412800004124,0.7406960003208951,36,0.13205157220363617
2030,3,GraphSAGE shuffled edges,0.03366485530829791,0.026036571711301804,0.9321745038032532,0.8072693220001383,0.7766300004732329,179,0.04272809997200966
2030,4,GraphSAGE features only,0.033117081144332636,0.025714537128806114,0.9343637824058533,0.5378811310001765,0.372880999748304,198,0.03865774720907211
2030,4,GraphSAGE topology only,0.12932892341685323,0.09864725172519684,-0.0009925365447998047,0.2794969360002142,2.250192999781575,37,0.13205164670944214
2030,4,GraphSAGE shuffled edges,0.03528126536025616,0.02699240855872631,0.9255049228668213,0.8124960479999572,0.9030820001498796,161,0.040172357112169266
2031,0,Linear regression,0.046925916932898305,0.03616805002093315,0.8795595765113831,0.002270181000312732,0.5016680006519891,,
2031,0,Random forest,0.05086046773040483,0.03721147605561659,0.858515958823423,0.4000967820002188,61.15644300007261,,
2031,0,Gradient boosting,0.04702900828739668,0.034643288786134305,0.8790298002013666,0.4329258399993705,7.6244060001045,,
2031,0,MLP,0.06264540774698024,0.045439381152391434,0.7853528261184692,0.5592570799999521,0.5964209994999692,,
2031,1,Linear regression,0.046925916932898305,0.03616805002093315,0.8795595765113831,0.001559404000545328,0.3793440000663395,,
2031,1,Random forest,0.05120486435571613,0.037592065315461505,0.8565933811412664,0.4690581609993387,72.61390800067602,,
2031,1,Gradient boosting,0.04702900828739668,0.034643288786134305,0.8790298002013666,0.2675790940002116,4.178109999884327,,
2031,1,MLP,0.07207700561313299,0.047771088778972626,0.7158548831939697,0.3852745040003356,0.6759759999113157,,
2031,2,Linear regression,0.046925916932898305,0.03616805002093315,0.8795595765113831,0.0014919799996278016,0.3897990000041318,,
2031,2,Random forest,0.05084934295949207,0.03761250614008962,0.8585778460013094,0.4719192109996584,59.371672000452236,,
2031,2,Gradient boosting,0.04702900828739668,0.034643288786134305,0.8790298002013666,0.3675225059996592,5.019858000196109,,
2031,2,MLP,0.05280907073822399,0.04063379019498825,0.8474670052528381,0.2914751950002028,0.5300890006765258,,
2031,3,Linear regression,0.046925916932898305,0.03616805002093315,0.8795595765113831,0.0016762160003054305,0.36216500029695453,,
2031,3,Random forest,0.05078681879179414,0.03740621680650989,0.8589254165195097,0.4440468470002088,57.88809099976788,,
2031,3,Gradient boosting,0.04702900828739668,0.034643288786134305,0.8790298002013666,0.347876804000407,5.586712999502197,,
2031,3,MLP,0.06260575347757574,0.043479688465595245,0.7856244444847107,1.1420191100005468,0.587906999498955,,
2031,4,Linear regression,0.046925916932898305,0.03616805002093315,0.8795595765113831,0.001512836999609135,0.3725689994098502,,
2031,4,Random forest,0.05080996004966407,0.03757824753749576,0.8587968246065646,0.4652868560006027,57.569583999793394,,
2031,4,Gradient boosting,0.04702900828739668,0.034643288786134305,0.8790298002013666,0.34732294700006605,5.093392999697244,,
2031,4,MLP,0.054776319685313817,0.0401107482612133,0.8358910083770752,1.1705060559997946,1.209447999826807,,
2031,0,GCN,0.07694854674299297,0.05541170760989189,0.6761472225189209,1.044454926999606,1.8558080000730115,196,0.07534569501876831
2031,1,GCN,0.07480399066710047,0.05385619029402733,0.6939472556114197,1.1911418179997781,1.3285169998198398,222,0.07460513710975647
2031,2,GCN,0.07434781985850389,0.053373392671346664,0.6976686716079712,1.853294318000735,1.9162219996360363,369,0.07226298004388809
2031,3,GCN,0.07644787328463042,0.05472855642437935,0.6803479194641113,1.6500412870000218,1.2525669999376987,240,0.0759379118680954
2031,4,GCN,0.07410668080942147,0.053760726004838943,0.6996265649795532,1.7908255330003158,1.0097659996972652,281,0.0738387405872345
2031,0,GAT,0.03903624874417758,0.028473155573010445,0.9166543483734131,2.6286172970003463,1.8820960003722575,277,0.042230427265167236
2031,1,GAT,0.0337187424621936,0.024481749162077904,0.937814474105835,3.678637453999727,1.7566719998285407,387,0.03881636634469032
2031,2,GAT,0.037851063301349505,0.02660815604031086,0.9216384887695312,3.3348788510002123,2.416773999357247,283,0.04910373315215111
2031,3,GAT,0.03233480337817185,0.023469408974051476,0.9428143501281738,3.383840297000461,2.4512789996151696,388,0.0380011722445488
2031,4,GAT,0.03739962661325769,0.027030201628804207,0.9234964847564697,3.795996706000551,2.5681359993541264,369,0.03855812922120094
2031,0,GraphSAGE,0.025831324992525582,0.01948440447449684,0.963504433631897,0.7335207330006597,0.9374000001116656,151,0.028835313394665718
2031,1,GraphSAGE,0.025742715653238678,0.01860009878873825,0.963754415512085,0.818001775999619,0.8681419994900352,162,0.03169156238436699
2031,2,GraphSAGE,0.02511484159820604,0.017824990674853325,0.9655008912086487,1.0624528620001001,0.89443900014885,201,0.031114282086491585
2031,3,GraphSAGE,0.02764361690559114,0.020320570096373558,0.9582038521766663,0.630528644000151,0.8709909998287912,114,0.031969934701919556
2031,4,GraphSAGE,0.02546555553738514,0.017288612201809883,0.9645306468009949,1.0577871629993751,0.9538600006635534,224,0.030627954751253128
2031,0,GraphSAGE features only,0.04191029264387169,0.030290771275758743,0.9039299488067627,0.8290845139999874,0.3143660005662241,355,0.04595443606376648
2031,0,GraphSAGE topology only,0.1352475299089621,0.10954462736845016,-0.0004731416702270508,0.20100260299932415,0.7355470006586984,11,0.1445367932319641
2031,0,GraphSAGE shuffled edges,0.043546116524439585,0.03290422633290291,0.8962840437889099,0.8636959209998167,0.8107670000754297,180,0.046821970492601395
2031,1,GraphSAGE features only,0.04192080363096434,0.030371613800525665,0.9038817286491394,0.47505372100022214,0.23623400011274498,202,0.04581937938928604
2031,1,GraphSAGE topology only,0.13522771037674236,0.10930028557777405,-0.0001800060272216797,0.1942367040001045,1.0661110000000917,12,0.14459580183029175
2031,1,GraphSAGE shuffled edges,0.04020793558797584,0.030044548213481903,0.911575973033905,0.8011730669995814,0.7737839996480034,150,0.04924590140581131
2031,2,GraphSAGE features only,0.042771296197167304,0.030400296673178673,0.8999420404434204,0.8198716460001378,0.23081000017555198,388,0.04507174342870712
2031,2,GraphSAGE topology only,0.136180909689292,0.11306382715702057,-0.014329910278320312,0.2279375220005022,0.9108429994739708,14,0.1445021778345108
2031,2,GraphSAGE shuffled edges,0.042016346768322055,0.03144312649965286,0.9034430980682373,0.7276426010002979,0.7630240006619715,137,0.04527290165424347
2031,3,GraphSAGE features only,0.042870732156015015,0.03095196932554245,0.8994762897491455,0.7809118759996636,0.3868430003421963,337,0.045938607305288315
2031,3,GraphSAGE topology only,0.1352212226020958,0.10863862186670303,-8.404254913330078e-05,0.17495143900032417,0.938928000323358,10,0.14479956030845642
2031,3,GraphSAGE shuffled edges,0.044794077078331836,0.03295404091477394,0.8902541995048523,0.9509674890005044,0.8564720001231763,204,0.04768406227231026
2031,4,GraphSAGE features only,0.04106477789461255,0.02965722046792507,0.907767117023468,0.4415251560003526,0.2256640000268817,180,0.04714181646704674
2031,4,GraphSAGE topology only,0.13553439503363704,0.11105083674192429,-0.004721641540527344,0.18229778499971871,1.1730810001608916,9,0.14436864852905273
2031,4,GraphSAGE shuffled edges,0.04029613489598826,0.02987789362668991,0.9111875891685486,1.0814377120004792,1.098032999834686,217,0.04977254569530487
2032,0,Linear regression,0.04145346409247024,0.03381456434726715,0.8905490636825562,0.00204062100056035,0.3401869998924667,,
2032,0,Random forest,0.04419666147979374,0.03405120947550257,0.8755838722463841,0.42318561100000807,57.460971999717,,
2032,0,Gradient boosting,0.04108066865623047,0.030093982655459116,0.8925088378384257,0.3390392299997984,4.654741000194917,,
2032,0,MLP,0.049562712560981985,0.03759514540433884,0.8435383439064026,0.5469774479997795,0.6090080005378695,,
2032,1,Linear regression,0.04145346409247024,0.03381456434726715,0.8905490636825562,0.003412074000152643,0.3993009995610919,,
2032,1,Random forest,0.04537124597860122,0.03480279866162921,0.8688829520803569,0.43396114300048794,64.02162599988515,,
2032,1,Gradient boosting,0.04108066865623047,0.030093982655459116,0.8925088378384257,0.3779038330003459,4.429192999850784,,
2032,1,MLP,0.05512181740448589,0.041123561561107635,0.806471586227417,0.26919995800017205,0.611756000580499,,
2032,2,Linear regression,0.04145346409247024,0.03381456434726715,0.8905490636825562,0.0014343500006361865,14.476913000180502,,
2032,2,Random forest,0.04413641647659121,0.034672418862308894,0.8759228273255659,0.47830738500033476,72.51331899988145,,
2032,2,Gradient boosting,0.04108066865623047,0.030093982655459116,0.8925088378384257,0.3223146419995828,4.501549000451632,,
2032,2,MLP,0.050234313667431967,0.03776486590504646,0.8392693400382996,0.32436009100001684,0.548469000023033,,
2032,3,Linear regression,0.04145346409247024,0.03381456434726715,0.8905490636825562,0.0014493549997496302,0.7723489998170407,,
2032,3,Random forest,0.04556130284371793,0.03527385740474897,0.8677821717093626,0.4812956010000562,57.921495999835315,,
2032,3,Gradient boosting,0.04108066865623047,0.030093982655459116,0.8925088378384257,0.33684261300004437,4.281129999981204,,
2032,3,MLP,0.06013335250447483,0.043779365718364716,0.7696816325187683,0.17536849099997198,0.5186600001252373,,
2032,4,Linear regression,0.04145346409247024,0.03381456434726715,0.8905490636825562,0.0014105580003160867,0.35725199995795265,,
2032,4,Random forest,0.0443799383631493,0.03455548833632232,0.874549862941651,0.4985146609997173,61.417788999278855,,
2032,4,Gradient boosting,0.04108066865623047,0.030093982655459116,0.8925088378384257,0.33302954500049964,4.332418000558391,,
2032,4,MLP,0.05132711446542461,0.03835168108344078,0.8322001695632935,0.7726130379996903,0.6160399998407229,,
2032,0,GCN,0.07925937651514757,0.057136170566082,0.5998718738555908,1.9231403989997489,1.1757020001823548,337,0.08238626271486282
2032,1,GCN,0.07797842581116168,0.05551651865243912,0.6127007007598877,2.2078823299998476,1.2318509998294758,331,0.07979539036750793
2032,2,GCN,0.07813512021320308,0.05555886775255203,0.611142635345459,1.9878941679999116,1.5679089992772788,333,0.07995796203613281
2032,3,GCN,0.07841019134623321,0.05573704093694687,0.6083999276161194,2.0696868390004965,1.1746529999072663,372,0.08088705688714981
2032,4,GCN,0.07789414988991084,0.056148089468479156,0.6135374307632446,1.347425867000311,1.4252770006351057,223,0.08081839233636856
2032,0,GAT,0.0387100291602676,0.02861003950238228,0.9045568704605103,2.409403829000439,1.667742000790895,208,0.0433293916285038
2032,1,GAT,0.03755403440418243,0.028066126629710197,0.910172164440155,2.481111501000669,1.8551009998191148,270,0.0400691032409668
2032,2,GAT,0.03311313853976174,0.024720247834920883,0.9301609396934509,2.796800437999991,2.166797999962,309,0.0358366034924984
2032,3,GAT,0.03288632082978771,0.023227307945489883,0.9311144351959229,3.0757173829997555,1.684227999248833,316,0.035628121346235275
2032,4,GAT,0.03275351054100981,0.025387577712535858,0.9316697120666504,3.8295666370004255,2.0830149996982072,373,0.037971366196870804
2032,0,GraphSAGE,0.02487023939442014,0.01920652948319912,0.9606034755706787,0.9478813609994177,1.2332590004007216,168,0.028934508562088013
2032,1,GraphSAGE,0.02636254565564591,0.01988138072192669,0.9557337760925293,0.8468755619996955,1.391617000081169,145,0.027238279581069946
2032,2,GraphSAGE,0.024025153567886925,0.01784345880150795,0.9632353782653809,1.4699385350004377,1.28368599962414,243,0.02863001823425293
2032,3,GraphSAGE,0.02309982487834504,0.017985573038458824,0.9660128355026245,2.6942140480005037,1.2753339997289004,329,0.027060184627771378
2032,4,GraphSAGE,0.024784167693123308,0.017866235226392746,0.9608756899833679,1.2043205310001213,2.35134700051276,186,0.026878727599978447
2032,0,GraphSAGE features only,0.038729895249880436,0.029742250218987465,0.9044588804244995,0.3544866780002849,0.23378599962597946,120,0.04002198576927185
2032,0,GraphSAGE topology only,0.12626059250491134,0.10232441872358322,-0.015391230583190918,0.25744462900001963,1.3049519993728609,11,0.14392134547233582
2032,0,GraphSAGE shuffled edges,0.043373716512820376,0.03405717387795448,0.8801740407943726,0.6773587389998283,1.3508780002666754,112,0.04232175275683403
2032,1,GraphSAGE features only,0.03766347956705789,0.029254594817757607,0.9096478223800659,5.433240862000275,0.2796829994622385,148,0.041487548500299454
2032,1,GraphSAGE topology only,0.12958448610247897,0.10962895303964615,-0.0695565938949585,0.2851426580000407,1.0398730000815704,11,0.14383183419704437
2032,1,GraphSAGE shuffled edges,0.040915356702896574,0.03139391168951988,0.8933721780776978,1.5847695989996282,2.361526000640879,223,0.04194582998752594
2032,2,GraphSAGE features only,0.03845942140855622,0.02977672405540943,0.9057886600494385,4.527311395000652,0.34434600001986837,109,0.04079410433769226
2032,2,GraphSAGE topology only,0.1283859314498743,0.10743344575166702,-0.04986298084259033,0.389708796999912,1.2232750004841364,14,0.14363862574100494
2032,2,GraphSAGE shuffled edges,0.040007434832480024,0.03135136514902115,0.898051917552948,0.7607744940005432,3.106756000306632,121,0.04137119650840759
2032,3,GraphSAGE features only,0.04016130963318461,0.031163863837718964,0.897266149520874,0.3065948510002272,0.3263990001869388,103,0.04072777181863785
2032,3,GraphSAGE topology only,0.1300403743527613,0.11038503795862198,-0.0770953893661499,0.24861390300065977,1.4924249999239692,9,0.14393961429595947
2032,3,GraphSAGE shuffled edges,0.04000142555704722,0.031526826322078705,0.8980824947357178,1.1602263539998603,1.167743999758386,203,0.040753163397312164
2032,4,GraphSAGE features only,0.03854374647704155,0.029588544741272926,0.905375063419342,0.3562272019999,0.2367290007896372,125,0.04085694998502731
2032,4,GraphSAGE topology only,0.12714033262142538,0.10473963618278503,-0.029590249061584473,0.2168026090002968,1.2694399993051775,9,0.14365045726299286
2032,4,GraphSAGE shuffled edges,0.04193239473948282,0.032518692314624786,0.8880053758621216,0.7099389160002829,0.787332000072638,114,0.04161803796887398
2033,0,Linear regression,0.04207222125975167,0.033820535987615585,0.9043734073638916,0.002112553999722877,1.9580289999794331,,
2033,0,Random forest,0.04962093768880465,0.03705238193569165,0.8669797822830396,0.3962123020000945,56.8703609997101,,
2033,0,Gradient boosting,0.04219748024604441,0.03185777832233113,0.9038031707147778,0.35286500100028206,4.8595050002404605,,
2033,0,MLP,0.061201182575873155,0.04525778070092201,0.7976480722427368,0.7103789169996162,0.5815399999846704,,
2033,1,Linear regression,0.04207222125975167,0.033820535987615585,0.9043734073638916,0.0016975789994830848,0.41092799983744044,,
2033,1,Random forest,0.05219239612804945,0.03882671994824628,0.8528357939827534,0.4741854220001187,57.40484000034485,,
2033,1,Gradient boosting,0.04219748024604441,0.03185777832233113,0.9038031707147778,0.3508781099999396,4.5831010002075345,,
2033,1,MLP,0.05708411898313062,0.04031573235988617,0.8239572048187256,0.3068641359996036,0.5918550004935241,,
2033,2,Linear regression,0.04207222125975167,0.033820535987615585,0.9043734073638916,0.0015442639996763319,0.375655999960145,,
2033,2,Random forest,0.0508243082352357,0.03785346702551044,0.8604497326163622,0.49830453999948077,58.61724199985474,,
2033,2,Gradient boosting,0.04219748024604441,0.03185777832233113,0.9038031707147778,0.427874697000334,4.610723999576294,,
2033,2,MLP,0.04646996757682916,0.03568600118160248,0.8833371996879578,0.24931543700040493,0.5763970002590213,,
2033,3,Linear regression,0.04207222125975167,0.033820535987615585,0.9043734073638916,0.0014925959994798177,0.37870899996050866,,
2033,3,Random forest,0.04958313150882452,0.03719665112816491,0.8671824012070042,0.4358012620004956,60.31636300031096,,
2033,3,Gradient boosting,0.04219748024604441,0.03185777832233113,0.9038031707147778,0.3367896009995093,3.9685390001977794,,
2033,3,MLP,0.05591800970168618,0.04255063459277153,0.8310760855674744,0.602713694999693,0.7045699994705501,,
2033,4,Linear regression,0.04207222125975167,0.033820535987615585,0.9043734073638916,0.0015556140006083297,0.3862859994114842,,
2033,4,Random forest,0.05086000890981417,0.038194105704722696,0.8602536143166507,0.43419248500049434,68.45790999977908,,
2033,4,Gradient boosting,0.04219748024604441,0.03185777832233113,0.9038031707147778,0.31621831900065445,4.14127699968958,,
2033,4,MLP,0.044822055893288096,0.0350940003991127,0.8914646506309509,0.8927028840007551,0.6522010007756762,,
2033,0,GCN,0.0818987667781619,0.06123410165309906,0.6376382112503052,1.772112238999398,1.1213999996471102,378,0.07472066581249237
2033,1,GCN,0.082214635835777,0.060903746634721756,0.6348376274108887,1.8959415740000622,1.562000000376429,376,0.07441679388284683
2033,2,GCN,0.08091190124789928,0.059753913432359695,0.6463183164596558,4.1394489989997965,1.3706649997402565,400,0.07292376458644867
2033,3,GCN,0.08131938536954073,0.06037002429366112,0.6427470445632935,2.1758924819996537,1.334134000899212,388,0.0738462433218956
2033,4,GCN,0.08138172974753792,0.06019208952784538,0.6421990394592285,7.02061668999977,1.8516059999456047,375,0.07393836975097656
2033,0,GAT,0.04408369132403344,0.032268814742565155,0.8950110673904419,5.4440777899999375,3.142952000416699,275,0.04862840846180916
2033,1,GAT,0.04570303065135379,0.03297673538327217,0.8871561884880066,4.110819032999643,2.193229000113206,373,0.0457242988049984
2033,2,GAT,0.039543773772088744,0.02957933023571968,0.9155219197273254,4.597694656000385,1.9839289998344611,330,0.04224781692028046
2033,3,GAT,0.03868983241947781,0.02852805145084858,0.9191311001777649,3.3872266360003778,2.423994999844581,318,0.045370493084192276
2033,4,GAT,0.041088679228798705,0.031381409615278244,0.9087921977043152,2.9731119039997793,2.124208000168437,280,0.04101687669754028
2033,0,GraphSAGE,0.027669174998248315,0.021128511056303978,0.9586400389671326,0.7533629959998507,0.8223740005632862,154,0.03212076425552368
2033,1,GraphSAGE,0.026750287073229375,0.019386041909456253,0.9613415598869324,1.0389543660003255,0.9676500003479305,225,0.030088812112808228
2033,2,GraphSAGE,0.027859362767907375,0.020109932869672775,0.9580695033073425,1.289206051000292,0.7683300000280724,289,0.03068189136683941
2033,3,GraphSAGE,0.029620085462837627,0.021531669422984123,0.952601969242096,0.78482946099939,0.8179259993994492,140,0.03257715329527855
2033,4,GraphSAGE,0.02977876223269794,0.021607469767332077,0.9520927667617798,0.8817348709999351,0.9264209993489203,179,0.03503245487809181
2033,0,GraphSAGE features only,0.03594550673294072,0.026989297941327095,0.9301965236663818,0.4678067450004164,0.3168739995089709,160,0.04253952577710152
2033,0,GraphSAGE topology only,0.13620301793855585,0.10715349018573761,-0.0022156238555908203,0.19933805100026802,0.982737999947858,11,0.15465718507766724
2033,0,GraphSAGE shuffled edges,0.037848825724842626,0.02976229600608349,0.9226086139678955,0.8305396939995262,0.9271560002162005,164,0.04295849800109863
2033,1,GraphSAGE features only,0.0349972127811523,0.027235334739089012,0.933830976486206,0.392462639999394,0.4206459998385981,129,0.04072578623890877
2033,1,GraphSAGE topology only,0.1361592834875435,0.10688431560993195,-0.0015721321105957031,0.198313493000569,0.8376290006708587,12,0.15467853844165802
2033,1,GraphSAGE shuffled edges,0.03652097048561886,0.028429416939616203,0.9279436469078064,0.8145503290006673,0.9009619998323615,163,0.04300524666905403
2033,2,GraphSAGE features only,0.03516179776129119,0.02729835920035839,0.9332071542739868,0.6921707199999219,0.3026610002052621,231,0.04022242873907089
2033,2,GraphSAGE topology only,0.1360541060065899,0.10569696128368378,-2.5272369384765625e-05,0.21844348299964622,0.8478420004394138,15,0.15486522018909454
2033,2,GraphSAGE shuffled edges,0.036341427410763405,0.028367964550852776,0.9286503791809082,1.2405245169993577,0.8666329995321576,263,0.040550753474235535
2033,3,GraphSAGE features only,0.03495506165318576,0.026474682614207268,0.9339902997016907,0.46463094299997465,0.3083709998463746,158,0.04072142019867897
2033,3,GraphSAGE topology only,0.13607275115407533,0.10608769953250885,-0.0002994537353515625,0.19723924700065254,0.9962989997802651,10,0.15478263795375824
2033,3,GraphSAGE shuffled edges,0.03946041303067848,0.031418293714523315,0.9158777594566345,0.5885116260005816,0.9110769997278112,108,0.04373681917786598
2033,4,GraphSAGE features only,0.03690584421762461,0.028488466516137123,0.9264169335365295,0.3529678100003366,0.3266419998908532,94,0.04081878066062927
2033,4,GraphSAGE topology only,0.13666061800368554,0.10892952233552933,-0.008961200714111328,0.1849459980003303,0.9784909998415969,9,0.15467679500579834
2033,4,GraphSAGE shuffled edges,0.037626122560301754,0.02905539982020855,0.9235166907310486,0.8585580489998392,1.1033049995603506,160,0.04413125663995743
2034,0,Linear regression,0.04212155209825868,0.03453311696648598,0.870800256729126,0.002334410999537795,0.40462499964633025,,
2034,0,Random forest,0.03669356705764777,0.029321628898597827,0.901953363793909,0.8558734379994348,354.93279099955544,,
2034,0,Gradient boosting,0.037844967402430596,0.028377895394932746,0.8957036513091854,0.6631671150007605,11.11172000037186,,
2034,0,MLP,0.04312210865236317,0.03156151995062828,0.8645893335342407,1.6729278090006119,2.2886699998707627,,
2034,1,Linear regression,0.04212155209825868,0.03453311696648598,0.870800256729126,0.022820012999545725,0.9252350000679144,,
2034,1,Random forest,0.03895084210923665,0.030368420319611327,0.8895192696813505,0.5776008530001491,55.95254899981228,,
2034,1,Gradient boosting,0.037844967402430596,0.028377895394932746,0.8957036513091854,0.37501280599917663,4.644374999770662,,
2034,1,MLP,0.050774388124782396,0.03681802377104759,0.8122663497924805,0.2366737379998085,0.6051569998817286,,
2034,2,Linear regression,0.04212155209825868,0.03453311696648598,0.870800256729126,0.001686189999418275,0.37960000008752104,,
2034,2,Random forest,0.03736872314020245,0.029708259279415245,0.898312083124845,0.46816792099980375,67.15405199975066,,
2034,2,Gradient boosting,0.037844967402430596,0.028377895394932746,0.8957036513091854,0.35566353800004435,4.988474999663595,,
2034,2,MLP,0.04120078894099737,0.032257694751024246,0.8763870596885681,0.22275351299958857,0.588887999583676,,
2034,3,Linear regression,0.04212155209825868,0.03453311696648598,0.870800256729126,0.0015204970004560892,0.3933610005333321,,
2034,3,Random forest,0.03745229590594809,0.02941641890974697,0.8978567374378954,0.48458897699947556,64.35773400062317,,
2034,3,Gradient boosting,0.037844967402430596,0.028377895394932746,0.8957036513091854,0.40998281400061387,4.070234999744571,,
2034,3,MLP,0.05051263963153291,0.03920920565724373,0.8141968846321106,0.19533644800048933,0.6981810001889244,,
2034,4,Linear regression,0.04212155209825868,0.03453311696648598,0.870800256729126,0.0016725350005799555,0.40564400023868075,,
2034,4,Random forest,0.03883553272035529,0.030203036180515473,0.8901724318705315,0.5373081549996641,72.37484199958999,,
2034,4,Gradient boosting,0.037844967402430596,0.028377895394932746,0.8957036513091854,0.37759255600030883,6.337042000268411,,
2034,4,MLP,0.04618034633630511,0.03455325588583946,0.8447015285491943,0.6331626920000417,1.2161049999122042,,
2034,0,GCN,0.071257172597867,0.05106852948665619,0.6302484273910522,1.964465009000378,1.93812399993476,206,0.07947792857885361
2034,1,GCN,0.07046853738951488,0.05020306259393692,0.6383875608444214,1.7728671200002282,1.709957000457507,169,0.07878609001636505
2034,2,GCN,0.07079648958550427,0.05042799189686775,0.6350139379501343,1.0533882889994857,1.656723999985843,163,0.0800098404288292
2034,3,GCN,0.07130895297948146,0.051135651767253876,0.6297109127044678,2.035323316999893,1.3721529994654702,196,0.078694649040699
2034,4,GCN,0.07141929319005226,0.051627207547426224,0.6285640597343445,2.9169848609999462,2.537657000175386,191,0.07836537808179855
2034,0,GAT,0.040924821828282894,0.028968488797545433,0.8780374526977539,1.8851959570001782,1.7473850002716063,179,0.040506646037101746
2034,1,GAT,0.04040131016450824,0.02863059751689434,0.8811377882957458,1.7898974620002264,1.7295799998464645,167,0.04048189893364906
2034,2,GAT,0.03629358550619175,0.023770451545715332,0.904079258441925,2.411574484999619,1.7291259991907282,234,0.03829440474510193
2034,3,GAT,0.036389232009668315,0.026041647419333458,0.9035730361938477,2.5717530440006158,1.957497000148578,248,0.03691926598548889
2034,4,GAT,0.03561248874096326,0.025853099301457405,0.9076456427574158,3.8164582480003446,2.1340769999369513,217,0.034177858382463455
2034,0,GraphSAGE,0.023020821580741795,0.016500376164913177,0.961408257484436,1.2575715330003732,0.9043800000654301,255,0.023096837103366852
2034,1,GraphSAGE,0.025234618872240613,0.018772553652524948,0.9536290168762207,0.769566692000808,0.9434599996893667,146,0.02494724467396736
2034,2,GraphSAGE,0.024237930822106252,0.018281595781445503,0.9572197198867798,0.9115572829996381,1.1506589999044081,140,0.02430141530930996
2034,3,GraphSAGE,0.022321239405707505,0.016017431393265724,0.9637181758880615,3.2310378430001947,1.7596939997019945,395,0.023271072655916214
2034,4,GraphSAGE,0.023196141176543686,0.016349785029888153,0.9608182311058044,1.050477530000535,0.7966650000525988,203,0.023393861949443817
2034,0,GraphSAGE features only,0.03398651816472428,0.02464309334754944,0.915886402130127,8.267751302999386,0.35732500055019045,210,0.03861803933978081
2034,0,GraphSAGE topology only,0.12896437490477114,0.11222930252552032,-0.2111344337463379,0.9913851299997987,0.9554600001138169,10,0.16081100702285767
2034,0,GraphSAGE shuffled edges,0.03381844941903006,0.025600066408514977,0.9167162775993347,7.796697093999683,1.1593449999054428,207,0.04098175838589668
2034,1,GraphSAGE features only,0.03341523258483075,0.025814788416028023,0.9186903834342957,0.5146837600004801,0.24448600015603006,133,0.04013272374868393
2034,1,GraphSAGE topology only,0.1353596022999306,0.11935550719499588,-0.33423078060150146,0.22900664700046036,1.0504430001674336,10,0.16100150346755981
2034,1,GraphSAGE shuffled edges,0.03566050824612046,0.027678286656737328,0.9073964357376099,0.9067687679998926,0.9822039992286591,134,0.040182750672101974
2034,2,GraphSAGE features only,0.03317266883598756,0.02412855625152588,0.9198665618896484,0.5576300969996737,0.4759149996971246,192,0.03950384631752968
2034,2,GraphSAGE topology only,0.13312825366866204,0.11699123680591583,-0.290604829788208,0.20896947900018858,0.974973999291251,13,0.16080617904663086
2034,2,GraphSAGE shuffled edges,0.03468710075934799,0.026273660361766815,0.9123829007148743,0.5932851669995216,0.8546720000595087,114,0.04425562173128128
2034,3,GraphSAGE features only,0.03271540420678445,0.024793323129415512,0.9220605492591858,0.3383411980003075,0.23248700017575175,125,0.03981078043580055
2034,3,GraphSAGE topology only,0.1273153346485385,0.11036103218793869,-0.1803593635559082,0.17556228400007967,0.9577570008332259,9,0.16098302602767944
2034,3,GraphSAGE shuffled edges,0.03489118896247254,0.026380637660622597,0.9113488793373108,0.6244144359998245,0.6800539995310828,129,0.04209347069263458
2034,4,GraphSAGE features only,0.03380520578308436,0.024923348799347878,0.916781485080719,0.3774181610006053,0.25153300066449447,154,0.03916090354323387
2034,4,GraphSAGE topology only,0.13226093031544223,0.11603596806526184,-0.2738431692123413,0.17074035800033016,0.8639150000817608,8,0.1607641577720642
2034,4,GraphSAGE shuffled edges,0.033566889240226466,0.02479337528347969,0.9179506897926331,0.7410464429995045,0.8860310008458328,145,0.04373794421553612
2035,0,Linear regression,0.04951471172969956,0.0356922373175621,0.8888622522354126,0.002413702000012563,0.3383329994903761,,
2035,0,Random forest,0.05631744131868139,0.038797384228264474,0.8562265085556386,0.4913269829994533,58.71585899967613,,
2035,0,Gradient boosting,0.051045667688754584,0.037349372081766134,0.8818834463745847,0.37260781999975734,4.722866000520298,,
2035,0,MLP,0.060751718435737095,0.04523925483226776,0.8326945304870605,0.980516548000196,0.5882030000066152,,
2035,1,Linear regression,0.04951471172969956,0.0356922373175621,0.8888622522354126,0.0028818760001740884,0.4426420000527287,,
2035,1,Random forest,0.05734572201292337,0.039488887383894,0.8509283566042073,0.42569744600041304,60.28035999952408,,
2035,1,Gradient boosting,0.051045667688754584,0.037349372081766134,0.8818834463745847,0.34495902199978445,5.070234999948298,,
2035,1,MLP,0.06419710042073931,0.045214831829071045,0.8131797909736633,0.43729549100044096,0.761149000027217,,
2035,2,Linear regression,0.04951471172969956,0.0356922373175621,0.8888622522354126,0.0015690560003349674,0.38974500057520345,,
2035,2,Random forest,0.057457524374151255,0.0393505721313673,0.8503465238931196,0.44639764899966394,59.48702099976799,,
2035,2,Gradient boosting,0.051045667688754584,0.037349372081766134,0.8818834463745847,0.3526153079992582,4.517068000495783,,
2035,2,MLP,0.051133886916847816,0.037952445447444916,0.8814748525619507,0.5203116420007063,0.6260720001591835,,
2035,3,Linear regression,0.04951471172969956,0.0356922373175621,0.8888622522354126,0.0014362659994731075,0.41430999954172876,,
2035,3,Random forest,0.05662843301106463,0.03876231728046415,0.8546342552892904,0.48018800399950123,57.865453999511374,,
2035,3,Gradient boosting,0.051045667688754584,0.037349372081766134,0.8818834463745847,0.34034198300014395,23.572462000629457,,
2035,3,MLP,0.05179056669675726,0.03973285108804703,0.8784109950065613,0.4893486910004867,0.5511270001079538,,
2035,4,Linear regression,0.04951471172969956,0.0356922373175621,0.8888622522354126,0.00155147500026942,0.3800569993472891,,
2035,4,Random forest,0.05769867859188483,0.03914780836495318,0.8490876704051441,0.4459031299993512,68.46252099967387,,
2035,4,Gradient boosting,0.051045667688754584,0.037349372081766134,0.8818834463745847,0.35084569199989346,5.044219999945199,,
2035,4,MLP,0.0513811712485748,0.039415352046489716,0.8803256750106812,0.8042612780000127,0.7629709998582257,,
2035,0,GCN,0.08595826970885226,0.06564821302890778,0.665058970451355,1.1529814479999914,1.1901979996764567,207,0.0824163407087326
2035,1,GCN,0.08552484435501784,0.06429260224103928,0.6684281826019287,1.0533156749997943,1.063143000465061,197,0.08185529708862305
2035,2,GCN,0.08643274764093659,0.06537412852048874,0.6613511443138123,0.83298937499967,1.1308929997539963,140,0.08147361129522324
2035,3,GCN,0.08408182057743063,0.0635567456483841,0.6795227527618408,1.446234478000406,1.2970240004506195,260,0.0815657526254654
2035,4,GCN,0.0858929421044831,0.06479793787002563,0.6655678749084473,0.882698413000071,1.0326689998692018,154,0.08154363930225372
2035,0,GAT,0.04570403424198113,0.03404199704527855,0.9053104519844055,3.0602336990004915,2.0202160003464087,253,0.04267194867134094
2035,1,GAT,0.04664575878001124,0.034452661871910095,0.9013681411743164,2.3477672320004785,1.9991279996247613,220,0.042941439896821976
2035,2,GAT,0.04129743126504663,0.03033510595560074,0.9226893782615662,3.5007865929992477,1.880357000118238,343,0.03731590136885643
2035,3,GAT,0.037558673180621616,0.028383363038301468,0.936053991317749,2.9920875019997766,2.7332950003255974,287,0.038692113012075424
2035,4,GAT,0.04542552523844675,0.0339127853512764,0.9064609408378601,3.5325718630001575,2.0040019999214564,284,0.04037871211767197
2035,0,GraphSAGE,0.029574141175779646,0.021228909492492676,0.96035236120224,1.1249044399992272,0.9107249998123734,222,0.024928832426667213
2035,1,GraphSAGE,0.029502763099373077,0.021292563527822495,0.9605435132980347,1.2094488950006053,0.8043309999266057,243,0.025983871892094612
2035,2,GraphSAGE,0.030656379713710987,0.02213955484330654,0.9573975205421448,0.8199898209995808,0.7588200005557155,171,0.026673223823308945
2035,3,GraphSAGE,0.03185946181944018,0.023370493203401566,0.9539881348609924,0.9042233480004143,0.8687179997650674,174,0.027198418974876404
2035,4,GraphSAGE,0.029982298420856975,0.021676504984498024,0.9592504501342773,1.289077229999748,1.1283929998171516,289,0.02697107382118702
2035,0,GraphSAGE features only,0.04222666073010477,0.031631819903850555,0.919171154499054,0.6238884630001849,0.42887800009339117,184,0.03583016246557236
2035,0,GraphSAGE topology only,0.14940275510998183,0.1191057339310646,-0.01183617115020752,0.22287819599932845,0.7605569999213913,11,0.14396315813064575
2035,0,GraphSAGE shuffled edges,0.04367723955130766,0.032565757632255554,0.913522481918335,1.2080365380006697,0.9336749999420135,218,0.03565697744488716
2035,1,GraphSAGE features only,0.04235516214237764,0.031451430171728134,0.9186784625053406,0.5391373669999666,0.2967290001834044,192,0.03594610467553139
2035,1,GraphSAGE topology only,0.14952487825353003,0.11894182860851288,-0.013491034507751465,0.19928730799983896,1.0802589995364542,12,0.1440015435218811
2035,1,GraphSAGE shuffled edges,0.04507413746503897,0.03275272622704506,0.9079024791717529,1.0284099410000636,0.9008170000015525,214,0.037816885858774185
2035,2,GraphSAGE features only,0.04227118900169261,0.03180228918790817,0.9190005660057068,0.4943927160002204,0.285019999864744,166,0.03579741716384888
2035,2,GraphSAGE topology only,0.1485544923213827,0.12177889794111252,-0.0003789663314819336,0.2067842020005628,0.8592710000812076,14,0.14415860176086426
2035,2,GraphSAGE shuffled edges,0.04316568625101684,0.03127465024590492,0.9155362844467163,0.9452665810003964,0.9489659996688715,191,0.03627289831638336
2035,3,GraphSAGE features only,0.04178242355590901,0.03122290037572384,0.9208629131317139,0.498235521999959,0.3241869999328628,169,0.03512594476342201
2035,3,GraphSAGE topology only,0.14991688114215945,0.1184738501906395,-0.018812060356140137,0.22423911500027316,1.6483859999425476,10,0.14415669441223145
2035,3,GraphSAGE shuffled edges,0.0440440803163417,0.03327585384249687,0.912063717842102,0.7966230309993989,1.021575000777375,137,0.03823860362172127
2035,4,GraphSAGE features only,0.041861962895120765,0.03143668547272682,0.9205613136291504,0.4269229029996495,0.30809400050202385,139,0.03539293259382248
2035,4,GraphSAGE topology only,0.14883323044918423,0.12026185542345047,-0.00413668155670166,0.18792053899960592,0.8658810002089012,9,0.14390768110752106
2035,4,GraphSAGE shuffled edges,0.04596073407269657,0.03321972116827965,0.9042438268661499,1.0699719839994941,0.9591910002200166,227,0.035292431712150574
